customer_id,first_name,last_name,email,store_id,total_rentals,total_spent,last_rental_date
1,MARY,SMITH,MARY.SMITH@sakilacustomer.org,1,1024,3797.76,"2005-08-22 20:03:46"
2,PATRICIA,JOHNSON,PATRICIA.JOHNSON@sakilacustomer.org,1,729,3475.71,"2005-08-23 17:39:35"
3,LINDA,WILLIAMS,LINDA.WILLIAMS@sakilacustomer.org,1,676,3529.24,"2005-08-23 07:10:14"
4,BARBARA,JONES,BARBARA.JONES@sakilacustomer.org,2,484,1799.16,"2005-08-23 07:43:00"
5,ELIZABETH,BROWN,ELIZABETH.BROWN@sakilacustomer.org,1,1444,5495.56,"2006-02-14 15:16:03"
6,JENNIFER,DAVIS,JENNIFER.DAVIS@sakilacustomer.org,2,784,2624.16,"2005-08-23 06:41:32"
7,MARIA,MILLER,MARIA.MILLER@sakilacustomer.org,1,1089,5005.11,"2005-08-21 04:49:48"
8,SUSAN,WILSON,SUSAN.WILSON@sakilacustomer.org,2,576,2226.24,"2005-08-23 14:31:19"
9,MARGARET,MOORE,MARGARET.MOORE@sakilacustomer.org,2,529,2064.71,"2006-02-14 15:16:03"
10,DOROTHY,TAYLOR,DOROTHY.TAYLOR@sakilacustomer.org,1,625,2493.75,"2005-08-22 21:59:29"
11,LISA,ANDERSON,LISA.ANDERSON@sakilacustomer.org,2,576,2562.24,"2006-02-14 15:16:03"
12,NANCY,THOMAS,NANCY.THOMAS@sakilacustomer.org,1,784,2904.16,"2005-08-23 20:28:44"
13,KAREN,JACKSON,KAREN.JACKSON@sakilacustomer.org,2,729,3556.71,"2005-08-22 20:51:24"
14,BETTY,WHITE,BETTY.WHITE@sakilacustomer.org,2,784,3296.16,"2006-02-14 15:16:03"
15,HELEN,HARRIS,HELEN.HARRIS@sakilacustomer.org,1,1024,4309.76,"2006-02-14 15:16:03"
16,SANDRA,MARTIN,SANDRA.MARTIN@sakilacustomer.org,2,812,3379.88,"2005-08-21 14:45:34"
17,DONNA,THOMPSON,DONNA.THOMPSON@sakilacustomer.org,1,441,2074.59,"2005-08-23 12:41:38"
18,CAROL,GARCIA,CAROL.GARCIA@sakilacustomer.org,2,484,2019.16,"2005-08-20 01:29:29"
19,RUTH,MARTINEZ,RUTH.MARTINEZ@sakilacustomer.org,1,576,3018.24,"2005-08-23 03:46:47"
20,SHARON,ROBINSON,SHARON.ROBINSON@sakilacustomer.org,2,900,3471.00,"2005-08-23 01:10:42"
21,MICHELLE,CLARK,MICHELLE.CLARK@sakilacustomer.org,1,1225,5447.75,"2006-02-14 15:16:03"
22,LAURA,RODRIGUEZ,LAURA.RODRIGUEZ@sakilacustomer.org,1,484,2503.16,"2006-02-14 15:16:03"
23,SARAH,LEWIS,SARAH.LEWIS@sakilacustomer.org,2,900,3591.00,"2006-02-14 15:16:03"
24,KIMBERLY,LEE,KIMBERLY.LEE@sakilacustomer.org,2,625,2393.75,"2005-08-22 21:28:59"
25,DEBORAH,WALKER,DEBORAH.WALKER@sakilacustomer.org,1,841,3355.59,"2005-08-23 20:00:30"
26,JESSICA,HALL,JESSICA.HALL@sakilacustomer.org,2,1156,5190.44,"2005-08-23 11:16:29"
27,SHIRLEY,ALLEN,SHIRLEY.ALLEN@sakilacustomer.org,2,961,3927.39,"2005-08-22 10:00:04"
28,CYNTHIA,YOUNG,CYNTHIA.YOUNG@sakilacustomer.org,1,1024,3573.76,"2006-02-14 15:16:03"
29,ANGELA,HERNANDEZ,ANGELA.HERNANDEZ@sakilacustomer.org,2,1296,5063.04,"2006-02-14 15:16:03"
30,MELISSA,KING,MELISSA.KING@sakilacustomer.org,1,1156,4204.44,"2005-08-23 15:17:14"
31,BRENDA,WRIGHT,BRENDA.WRIGHT@sakilacustomer.org,2,676,2723.24,"2005-08-23 14:58:06"
32,AMY,LOPEZ,AMY.LOPEZ@sakilacustomer.org,1,841,3703.59,"2005-08-21 16:32:32"
33,ANNA,HILL,ANNA.HILL@sakilacustomer.org,2,441,1927.59,"2006-02-14 15:16:03"
34,REBECCA,SCOTT,REBECCA.SCOTT@sakilacustomer.org,2,576,2154.24,"2005-08-21 20:54:32"
35,VIRGINIA,GREEN,VIRGINIA.GREEN@sakilacustomer.org,2,1024,4149.76,"2005-08-21 22:25:09"
36,KATHLEEN,ADAMS,KATHLEEN.ADAMS@sakilacustomer.org,2,729,2503.71,"2005-08-23 08:42:40"
37,PAMELA,BAKER,PAMELA.BAKER@sakilacustomer.org,1,529,2202.71,"2005-08-23 22:08:04"
38,MARTHA,GONZALEZ,MARTHA.GONZALEZ@sakilacustomer.org,1,1156,4340.44,"2005-08-23 11:55:50"
39,DEBRA,NELSON,DEBRA.NELSON@sakilacustomer.org,1,841,4109.59,"2005-08-22 12:51:38"
40,AMANDA,CARTER,AMANDA.CARTER@sakilacustomer.org,2,729,2989.71,"2005-08-22 16:06:49"
41,STEPHANIE,MITCHELL,STEPHANIE.MITCHELL@sakilacustomer.org,1,625,2968.75,"2006-02-14 15:16:03"
42,CAROLYN,PEREZ,CAROLYN.PEREZ@sakilacustomer.org,2,900,3531.00,"2006-02-14 15:16:03"
43,CHRISTINE,ROBERTS,CHRISTINE.ROBERTS@sakilacustomer.org,2,576,2394.24,"2006-02-14 15:16:03"
44,MARIE,TURNER,MARIE.TURNER@sakilacustomer.org,1,676,2983.24,"2006-02-14 15:16:03"
45,JANET,PHILLIPS,JANET.PHILLIPS@sakilacustomer.org,1,729,3448.71,"2005-08-23 22:13:04"
46,CATHERINE,CAMPBELL,CATHERINE.CAMPBELL@sakilacustomer.org,2,1156,4850.44,"2005-08-23 12:47:26"
47,FRANCES,PARKER,FRANCES.PARKER@sakilacustomer.org,1,484,2393.16,"2005-08-23 15:39:18"
48,ANN,EVANS,ANN.EVANS@sakilacustomer.org,1,289,1306.11,"2005-08-22 17:27:23"
49,JOYCE,EDWARDS,JOYCE.EDWARDS@sakilacustomer.org,2,784,3660.16,"2005-08-21 20:02:18"
50,DIANE,COLLINS,DIANE.COLLINS@sakilacustomer.org,1,1225,5937.75,"2005-08-23 21:25:03"
51,ALICE,STEWART,ALICE.STEWART@sakilacustomer.org,1,1089,4576.11,"2005-08-22 04:31:50"
52,JULIE,SANCHEZ,JULIE.SANCHEZ@sakilacustomer.org,1,841,3123.59,"2006-02-14 15:16:03"
53,HEATHER,MORRIS,HEATHER.MORRIS@sakilacustomer.org,1,900,3471.00,"2006-02-14 15:16:03"
54,TERESA,ROGERS,TERESA.ROGERS@sakilacustomer.org,1,841,3732.59,"2005-08-23 05:20:36"
55,DORIS,REED,DORIS.REED@sakilacustomer.org,2,484,2217.16,"2005-08-22 19:37:20"
56,GLORIA,COOK,GLORIA.COOK@sakilacustomer.org,1,900,4071.00,"2006-02-14 15:16:03"
57,EVELYN,MORGAN,EVELYN.MORGAN@sakilacustomer.org,2,784,3212.16,"2005-08-23 16:24:24"
58,JEAN,BELL,JEAN.BELL@sakilacustomer.org,1,729,3124.71,"2006-02-14 15:16:03"
59,CHERYL,MURPHY,CHERYL.MURPHY@sakilacustomer.org,1,729,3610.71,"2005-08-23 17:33:04"
60,MILDRED,BAILEY,MILDRED.BAILEY@sakilacustomer.org,1,625,2468.75,"2006-02-14 15:16:03"
61,KATHERINE,RIVERA,KATHERINE.RIVERA@sakilacustomer.org,2,196,824.04,"2005-08-23 09:35:34"
62,JOAN,COOPER,JOAN.COOPER@sakilacustomer.org,1,529,1949.71,"2005-08-23 06:11:52"
63,ASHLEY,RICHARDSON,ASHLEY.RICHARDSON@sakilacustomer.org,1,625,2818.75,"2005-08-22 17:30:25"
64,JUDITH,COX,JUDITH.COX@sakilacustomer.org,2,1089,3322.11,"2006-02-14 15:16:03"
65,ROSE,HOWARD,ROSE.HOWARD@sakilacustomer.org,2,484,2283.16,"2005-08-21 09:08:51"
66,JANICE,WARD,JANICE.WARD@sakilacustomer.org,2,1156,4918.44,"2005-08-23 06:23:26"
67,KELLY,TORRES,KELLY.TORRES@sakilacustomer.org,1,484,2195.16,"2005-08-22 11:19:22"
68,NICOLE,PETERSON,NICOLE.PETERSON@sakilacustomer.org,1,484,2085.16,"2005-08-23 03:36:26"
69,JUDY,GRAY,JUDY.GRAY@sakilacustomer.org,2,625,2418.75,"2006-02-14 15:16:03"
70,CHRISTINA,RAMIREZ,CHRISTINA.RAMIREZ@sakilacustomer.org,2,324,1454.76,"2005-08-23 07:06:38"
71,KATHY,JAMES,KATHY.JAMES@sakilacustomer.org,1,900,3891.00,"2005-08-23 20:44:36"
72,THERESA,WATSON,THERESA.WATSON@sakilacustomer.org,2,900,2991.00,"2005-08-22 13:57:55"
73,BEVERLY,BROOKS,BEVERLY.BROOKS@sakilacustomer.org,2,576,2346.24,"2006-02-14 15:16:03"
74,DENISE,KELLY,DENISE.KELLY@sakilacustomer.org,1,729,2800.71,"2005-08-23 22:26:47"
75,TAMMY,SANDERS,TAMMY.SANDERS@sakilacustomer.org,2,1681,6379.19,"2006-02-14 15:16:03"
76,IRENE,PRICE,IRENE.PRICE@sakilacustomer.org,2,529,1788.71,"2005-08-23 05:17:23"
77,JANE,BENNETT,JANE.BENNETT@sakilacustomer.org,2,784,2820.16,"2005-08-22 21:34:00"
78,LORI,WOOD,LORI.WOOD@sakilacustomer.org,1,961,4392.39,"2005-08-23 22:18:51"
79,RACHEL,BARNES,RACHEL.BARNES@sakilacustomer.org,1,484,1865.16,"2005-08-21 03:14:27"
80,MARILYN,ROSS,MARILYN.ROSS@sakilacustomer.org,1,900,4131.00,"2006-02-14 15:16:03"
81,ANDREA,HENDERSON,ANDREA.HENDERSON@sakilacustomer.org,1,484,2063.16,"2005-08-23 16:45:28"
82,KATHRYN,COLEMAN,KATHRYN.COLEMAN@sakilacustomer.org,1,676,3399.24,"2005-08-23 03:12:54"
83,LOUISE,JENKINS,LOUISE.JENKINS@sakilacustomer.org,1,625,2543.75,"2006-02-14 15:16:03"
84,SARA,PERRY,SARA.PERRY@sakilacustomer.org,2,1089,4675.11,"2005-08-22 18:16:50"
85,ANNE,POWELL,ANNE.POWELL@sakilacustomer.org,2,529,2018.71,"2005-08-20 10:25:12"
86,JACQUELINE,LONG,JACQUELINE.LONG@sakilacustomer.org,2,1089,4906.11,"2005-08-23 18:45:06"
87,WANDA,PATTERSON,WANDA.PATTERSON@sakilacustomer.org,1,900,4371.00,"2006-02-14 15:16:03"
88,BONNIE,HUGHES,BONNIE.HUGHES@sakilacustomer.org,2,441,1843.59,"2005-08-23 17:13:01"
89,JULIA,FLORES,JULIA.FLORES@sakilacustomer.org,1,1024,4309.76,"2005-08-23 15:38:34"
90,RUBY,WASHINGTON,RUBY.WASHINGTON@sakilacustomer.org,2,784,3100.16,"2005-08-23 09:16:39"
91,LOIS,BUTLER,LOIS.BUTLER@sakilacustomer.org,2,1225,3977.75,"2006-02-14 15:16:03"
92,TINA,SIMMONS,TINA.SIMMONS@sakilacustomer.org,2,784,3744.16,"2005-08-22 07:53:14"
93,PHYLLIS,FOSTER,PHYLLIS.FOSTER@sakilacustomer.org,1,529,2110.71,"2005-08-23 17:48:30"
94,NORMA,GONZALES,NORMA.GONZALES@sakilacustomer.org,1,441,1675.59,"2006-02-14 15:16:03"
95,PAULA,BRYANT,PAULA.BRYANT@sakilacustomer.org,2,324,1400.76,"2005-08-21 03:51:52"
96,DIANA,ALEXANDER,DIANA.ALEXANDER@sakilacustomer.org,1,729,2854.71,"2005-08-23 20:24:36"
97,ANNIE,RUSSELL,ANNIE.RUSSELL@sakilacustomer.org,2,324,1058.76,"2005-08-22 08:20:15"
98,LILLIAN,GRIFFIN,LILLIAN.GRIFFIN@sakilacustomer.org,1,625,2668.75,"2005-08-23 03:58:28"
99,EMILY,DIAZ,EMILY.DIAZ@sakilacustomer.org,2,576,2202.24,"2006-02-14 15:16:03"
100,ROBIN,HAYES,ROBIN.HAYES@sakilacustomer.org,1,576,2466.24,"2006-02-14 15:16:03"
101,PEGGY,MYERS,PEGGY.MYERS@sakilacustomer.org,1,576,2322.24,"2006-02-14 15:16:03"
102,CRYSTAL,FORD,CRYSTAL.FORD@sakilacustomer.org,1,1089,4543.11,"2005-08-23 21:59:26"
103,GLADYS,HAMILTON,GLADYS.HAMILTON@sakilacustomer.org,1,961,4547.39,"2005-08-23 22:43:07"
104,RITA,GRAHAM,RITA.GRAHAM@sakilacustomer.org,1,576,2226.24,"2005-08-22 15:52:57"
105,DAWN,SULLIVAN,DAWN.SULLIVAN@sakilacustomer.org,1,676,3139.24,"2005-08-23 14:27:07"
106,CONNIE,WALLACE,CONNIE.WALLACE@sakilacustomer.org,1,529,2317.71,"2005-08-22 14:27:37"
107,FLORENCE,WOODS,FLORENCE.WOODS@sakilacustomer.org,1,900,3801.00,"2006-02-14 15:16:03"
108,TRACY,COLE,TRACY.COLE@sakilacustomer.org,1,900,3981.00,"2006-02-14 15:16:03"
109,EDNA,WEST,EDNA.WEST@sakilacustomer.org,2,676,2801.24,"2005-08-23 09:23:36"
110,TIFFANY,JORDAN,TIFFANY.JORDAN@sakilacustomer.org,2,196,838.04,"2005-08-22 22:28:36"
111,CARMEN,OWENS,CARMEN.OWENS@sakilacustomer.org,1,676,2541.24,"2006-02-14 15:16:03"
112,ROSA,REYNOLDS,ROSA.REYNOLDS@sakilacustomer.org,2,900,4011.00,"2005-08-23 12:47:05"
113,CINDY,FISHER,CINDY.FISHER@sakilacustomer.org,2,841,3297.59,"2005-08-23 13:18:16"
114,GRACE,ELLIS,GRACE.ELLIS@sakilacustomer.org,2,1089,4609.11,"2006-02-14 15:16:03"
115,WENDY,HARRISON,WENDY.HARRISON@sakilacustomer.org,1,900,2751.00,"2006-02-14 15:16:03"
116,VICTORIA,GIBSON,VICTORIA.GIBSON@sakilacustomer.org,1,729,3016.71,"2005-08-22 04:44:09"
117,EDITH,MCDONALD,EDITH.MCDONALD@sakilacustomer.org,1,361,1364.39,"2005-08-23 00:26:52"
118,KIM,CRUZ,KIM.CRUZ@sakilacustomer.org,1,441,1738.59,"2005-08-23 11:33:25"
119,SHERRY,MARSHALL,SHERRY.MARSHALL@sakilacustomer.org,1,1156,5224.44,"2005-08-23 21:52:56"
120,SYLVIA,ORTIZ,SYLVIA.ORTIZ@sakilacustomer.org,2,1024,4597.76,"2006-02-14 15:16:03"
121,JOSEPHINE,GOMEZ,JOSEPHINE.GOMEZ@sakilacustomer.org,1,676,2853.24,"2005-08-23 22:20:26"
122,THELMA,MURRAY,THELMA.MURRAY@sakilacustomer.org,1,1024,4053.76,"2005-08-21 19:51:09"
123,SHANNON,FREEMAN,SHANNON.FREEMAN@sakilacustomer.org,2,576,2418.24,"2005-08-23 13:51:57"
124,SHEILA,WELLS,SHEILA.WELLS@sakilacustomer.org,1,324,1328.76,"2005-08-23 21:45:02"
125,ETHEL,WEBB,ETHEL.WEBB@sakilacustomer.org,1,1024,4341.76,"2005-08-22 10:14:39"
126,ELLEN,SIMPSON,ELLEN.SIMPSON@sakilacustomer.org,1,784,3296.16,"2005-08-23 21:02:43"
127,ELAINE,STEVENS,ELAINE.STEVENS@sakilacustomer.org,2,576,2586.24,"2005-08-23 11:40:30"
128,MARJORIE,TUCKER,MARJORIE.TUCKER@sakilacustomer.org,1,1024,4085.76,"2005-08-23 15:25:27"
129,CARRIE,PORTER,CARRIE.PORTER@sakilacustomer.org,1,1156,4238.44,"2005-08-22 06:46:59"
130,CHARLOTTE,HUNTER,CHARLOTTE.HUNTER@sakilacustomer.org,1,576,2250.24,"2005-08-23 13:29:08"
131,MONICA,HICKS,MONICA.HICKS@sakilacustomer.org,2,900,3861.00,"2005-08-23 22:20:40"
132,ESTHER,CRAWFORD,ESTHER.CRAWFORD@sakilacustomer.org,2,784,2680.16,"2005-08-23 16:30:55"
133,PAULINE,HENRY,PAULINE.HENRY@sakilacustomer.org,1,729,2665.71,"2005-08-23 21:07:59"
134,EMMA,BOYD,EMMA.BOYD@sakilacustomer.org,1,529,2179.71,"2005-08-23 19:42:46"
135,JUANITA,MASON,JUANITA.MASON@sakilacustomer.org,2,900,3321.00,"2006-02-14 15:16:03"
136,ANITA,MORALES,ANITA.MORALES@sakilacustomer.org,2,225,942.75,"2005-08-23 00:34:28"
137,RHONDA,KENNEDY,RHONDA.KENNEDY@sakilacustomer.org,2,1521,7589.79,"2005-08-23 21:56:04"
138,HAZEL,WARREN,HAZEL.WARREN@sakilacustomer.org,1,1156,3762.44,"2005-08-23 02:39:56"
139,AMBER,DIXON,AMBER.DIXON@sakilacustomer.org,1,729,3070.71,"2005-08-23 12:12:05"
140,EVA,RAMOS,EVA.RAMOS@sakilacustomer.org,1,324,1508.76,"2005-08-23 15:47:02"
141,DEBBIE,REYES,DEBBIE.REYES@sakilacustomer.org,1,1024,4181.76,"2005-08-23 19:45:25"
142,APRIL,BURNS,APRIL.BURNS@sakilacustomer.org,1,676,2463.24,"2006-02-14 15:16:03"
143,LESLIE,GORDON,LESLIE.GORDON@sakilacustomer.org,1,484,1975.16,"2005-08-23 21:54:02"
144,CLARA,SHAW,CLARA.SHAW@sakilacustomer.org,1,1764,8214.36,"2005-08-23 12:43:30"
145,LUCILLE,HOLMES,LUCILLE.HOLMES@sakilacustomer.org,1,784,3044.16,"2005-08-21 10:15:20"
146,JAMIE,RICE,JAMIE.RICE@sakilacustomer.org,1,841,4051.59,"2005-08-23 15:36:05"
147,JOANNE,ROBERTSON,JOANNE.ROBERTSON@sakilacustomer.org,2,1156,4340.44,"2005-08-23 20:53:20"
148,ELEANOR,HUNT,ELEANOR.HUNT@sakilacustomer.org,1,2116,9960.84,"2005-08-23 05:57:04"
149,VALERIE,BLACK,VALERIE.BLACK@sakilacustomer.org,1,676,3165.24,"2005-08-23 05:04:33"
150,DANIELLE,DANIELS,DANIELLE.DANIELS@sakilacustomer.org,2,625,2643.75,"2005-08-21 19:47:55"
151,MEGAN,PALMER,MEGAN.PALMER@sakilacustomer.org,2,729,2503.71,"2005-08-23 20:31:38"
152,ALICIA,MILLS,ALICIA.MILLS@sakilacustomer.org,1,441,1759.59,"2006-02-14 15:16:03"
153,SUZANNE,NICHOLS,SUZANNE.NICHOLS@sakilacustomer.org,2,576,2274.24,"2005-08-23 06:15:09"
154,MICHELE,GRANT,MICHELE.GRANT@sakilacustomer.org,2,900,3921.00,"2005-08-23 11:16:16"
155,GAIL,KNIGHT,GAIL.KNIGHT@sakilacustomer.org,1,625,2743.75,"2006-02-14 15:16:03"
156,BERTHA,FERGUSON,BERTHA.FERGUSON@sakilacustomer.org,1,625,2543.75,"2005-08-22 23:26:32"
157,DARLENE,ROSE,DARLENE.ROSE@sakilacustomer.org,2,961,3524.39,"2005-08-22 07:04:25"
158,VERONICA,STONE,VERONICA.STONE@sakilacustomer.org,1,1024,4053.76,"2005-08-23 14:26:51"
159,JILL,HAWKINS,JILL.HAWKINS@sakilacustomer.org,1,441,1444.59,"2005-08-22 16:14:25"
160,ERIN,DUNN,ERIN.DUNN@sakilacustomer.org,2,729,2881.71,"2005-08-23 21:49:33"
161,GERALDINE,PERKINS,GERALDINE.PERKINS@sakilacustomer.org,1,900,3381.00,"2005-08-22 23:55:51"
162,LAUREN,HUDSON,LAUREN.HUDSON@sakilacustomer.org,2,400,1436.00,"2006-02-14 15:16:03"
163,CATHY,SPENCER,CATHY.SPENCER@sakilacustomer.org,1,841,3558.59,"2006-02-14 15:16:03"
164,JOANN,GARDNER,JOANN.GARDNER@sakilacustomer.org,2,256,1069.44,"2005-08-20 00:30:51"
165,LORRAINE,STEPHENS,LORRAINE.STEPHENS@sakilacustomer.org,2,441,1822.59,"2005-08-23 15:23:50"
166,LYNN,PAYNE,LYNN.PAYNE@sakilacustomer.org,1,784,3464.16,"2005-08-23 14:31:50"
167,SALLY,PIERCE,SALLY.PIERCE@sakilacustomer.org,2,1024,3829.76,"2005-08-23 17:52:01"
168,REGINA,BERRY,REGINA.BERRY@sakilacustomer.org,1,1156,4612.44,"2006-02-14 15:16:03"
169,ERICA,MATTHEWS,ERICA.MATTHEWS@sakilacustomer.org,2,484,2107.16,"2005-08-23 09:33:22"
170,BEATRICE,ARNOLD,BEATRICE.ARNOLD@sakilacustomer.org,1,676,3113.24,"2005-08-23 04:27:06"
171,DOLORES,WAGNER,DOLORES.WAGNER@sakilacustomer.org,2,676,2983.24,"2005-08-23 14:43:15"
172,BERNICE,WILLIS,BERNICE.WILLIS@sakilacustomer.org,1,1089,4807.11,"2005-08-23 22:14:31"
173,AUDREY,RAY,AUDREY.RAY@sakilacustomer.org,1,841,3471.59,"2005-08-23 21:10:24"
174,YVONNE,WATKINS,YVONNE.WATKINS@sakilacustomer.org,2,441,1948.59,"2005-08-23 20:06:23"
175,ANNETTE,OLSON,ANNETTE.OLSON@sakilacustomer.org,1,576,2370.24,"2006-02-14 15:16:03"
176,JUNE,CARROLL,JUNE.CARROLL@sakilacustomer.org,1,1369,6424.31,"2005-08-23 18:36:44"
177,SAMANTHA,DUNCAN,SAMANTHA.DUNCAN@sakilacustomer.org,2,529,1650.71,"2005-08-22 03:55:02"
178,MARION,SNYDER,MARION.SNYDER@sakilacustomer.org,2,1521,7589.79,"2006-02-14 15:16:03"
179,DANA,HART,DANA.HART@sakilacustomer.org,1,841,3877.59,"2005-08-23 20:20:23"
180,STACY,CUNNINGHAM,STACY.CUNNINGHAM@sakilacustomer.org,2,529,2271.71,"2006-02-14 15:16:03"
181,ANA,BRADLEY,ANA.BRADLEY@sakilacustomer.org,2,1156,5938.44,"2006-02-14 15:16:03"
182,RENEE,LANE,RENEE.LANE@sakilacustomer.org,1,676,2541.24,"2005-08-22 09:49:32"
183,IDA,ANDREWS,IDA.ANDREWS@sakilacustomer.org,2,529,1765.71,"2005-08-20 03:35:16"
184,VIVIAN,RUIZ,VIVIAN.RUIZ@sakilacustomer.org,1,529,2087.71,"2005-08-23 06:56:18"
185,ROBERTA,HARPER,ROBERTA.HARPER@sakilacustomer.org,1,529,1949.71,"2005-08-21 14:51:35"
186,HOLLY,FOX,HOLLY.FOX@sakilacustomer.org,2,961,3555.39,"2006-02-14 15:16:03"
187,BRITTANY,RILEY,BRITTANY.RILEY@sakilacustomer.org,2,784,4472.16,"2005-08-23 19:59:33"
188,MELANIE,ARMSTRONG,MELANIE.ARMSTRONG@sakilacustomer.org,1,625,2318.75,"2006-02-14 15:16:03"
189,LORETTA,CARPENTER,LORETTA.CARPENTER@sakilacustomer.org,1,484,2063.16,"2005-08-23 21:04:51"
190,YOLANDA,WEAVER,YOLANDA.WEAVER@sakilacustomer.org,2,729,2989.71,"2006-02-14 15:16:03"
191,JEANETTE,GREENE,JEANETTE.GREENE@sakilacustomer.org,1,400,1496.00,"2006-02-14 15:16:03"
192,LAURIE,LAWRENCE,LAURIE.LAWRENCE@sakilacustomer.org,1,529,2294.71,"2006-02-14 15:16:03"
193,KATIE,ELLIOTT,KATIE.ELLIOTT@sakilacustomer.org,2,625,2743.75,"2006-02-14 15:16:03"
194,KRISTEN,CHAVEZ,KRISTEN.CHAVEZ@sakilacustomer.org,2,324,1580.76,"2005-08-23 18:43:22"
195,VANESSA,SIMS,VANESSA.SIMS@sakilacustomer.org,1,361,1649.39,"2005-08-23 22:19:33"
196,ALMA,AUSTIN,ALMA.AUSTIN@sakilacustomer.org,1,1225,5307.75,"2005-08-23 20:10:13"
197,SUE,PETERS,SUE.PETERS@sakilacustomer.org,2,1600,6184.00,"2005-08-23 04:12:52"
198,ELSIE,KELLEY,ELSIE.KELLEY@sakilacustomer.org,2,1369,5240.31,"2005-08-23 00:27:18"
199,BETH,FRANKLIN,BETH.FRANKLIN@sakilacustomer.org,2,625,2593.75,"2006-02-14 15:16:03"
200,JEANNE,LAWSON,JEANNE.LAWSON@sakilacustomer.org,2,729,3691.71,"2006-02-14 15:16:03"
201,VICKI,FIELDS,VICKI.FIELDS@sakilacustomer.org,1,625,2718.75,"2005-08-23 20:06:04"
202,CARLA,GUTIERREZ,CARLA.GUTIERREZ@sakilacustomer.org,2,676,2697.24,"2005-08-23 13:22:56"
203,TARA,RYAN,TARA.RYAN@sakilacustomer.org,1,400,1776.00,"2005-08-23 20:27:34"
204,ROSEMARY,SCHMIDT,ROSEMARY.SCHMIDT@sakilacustomer.org,1,1225,5167.75,"2005-08-22 23:48:56"
205,EILEEN,CARR,EILEEN.CARR@sakilacustomer.org,2,324,1454.76,"2005-08-22 23:54:14"
206,TERRI,VASQUEZ,TERRI.VASQUEZ@sakilacustomer.org,1,729,3421.71,"2005-08-23 10:36:00"
207,GERTRUDE,CASTILLO,GERTRUDE.CASTILLO@sakilacustomer.org,1,1156,4680.44,"2005-08-23 07:25:29"
208,LUCY,WHEELER,LUCY.WHEELER@sakilacustomer.org,1,676,2385.24,"2006-02-14 15:16:03"
209,TONYA,CHAPMAN,TONYA.CHAPMAN@sakilacustomer.org,2,1024,5173.76,"2005-08-23 02:51:27"
210,ELLA,OLIVER,ELLA.OLIVER@sakilacustomer.org,2,961,4268.39,"2005-08-23 18:48:40"
211,STACEY,MONTGOMERY,STACEY.MONTGOMERY@sakilacustomer.org,1,1156,5156.44,"2006-02-14 15:16:03"
212,WILMA,RICHARDS,WILMA.RICHARDS@sakilacustomer.org,2,400,1836.00,"2005-08-23 18:05:10"
213,GINA,WILLIAMSON,GINA.WILLIAMSON@sakilacustomer.org,1,784,3128.16,"2006-02-14 15:16:03"
214,KRISTIN,JOHNSTON,KRISTIN.JOHNSTON@sakilacustomer.org,1,961,3617.39,"2006-02-14 15:16:03"
215,JESSIE,BANKS,JESSIE.BANKS@sakilacustomer.org,2,676,2385.24,"2006-02-14 15:16:03"
216,NATALIE,MEYER,NATALIE.MEYER@sakilacustomer.org,1,529,2202.71,"2006-02-14 15:16:03"
217,AGNES,BISHOP,AGNES.BISHOP@sakilacustomer.org,2,529,2271.71,"2005-08-22 19:02:48"
218,VERA,MCCOY,VERA.MCCOY@sakilacustomer.org,1,324,1220.76,"2005-08-23 05:30:19"
219,WILLIE,HOWELL,WILLIE.HOWELL@sakilacustomer.org,2,676,2645.24,"2006-02-14 15:16:03"
220,CHARLENE,ALVAREZ,CHARLENE.ALVAREZ@sakilacustomer.org,2,729,3097.71,"2005-08-23 10:32:52"
221,BESSIE,MORRISON,BESSIE.MORRISON@sakilacustomer.org,1,784,3716.16,"2005-08-22 12:53:22"
222,DELORES,HANSEN,DELORES.HANSEN@sakilacustomer.org,2,441,1927.59,"2005-08-21 08:58:38"
223,MELINDA,FERNANDEZ,MELINDA.FERNANDEZ@sakilacustomer.org,1,289,1374.11,"2005-08-23 08:52:50"
224,PEARL,GARZA,PEARL.GARZA@sakilacustomer.org,2,484,1689.16,"2005-08-23 19:11:29"
225,ARLENE,HARVEY,ARLENE.HARVEY@sakilacustomer.org,1,676,3139.24,"2005-08-21 12:07:25"
226,MAUREEN,LITTLE,MAUREEN.LITTLE@sakilacustomer.org,2,441,1843.59,"2005-08-23 22:06:15"
227,COLLEEN,BURTON,COLLEEN.BURTON@sakilacustomer.org,1,576,2106.24,"2006-02-14 15:16:03"
228,ALLISON,STANLEY,ALLISON.STANLEY@sakilacustomer.org,2,729,2503.71,"2006-02-14 15:16:03"
229,TAMARA,NGUYEN,TAMARA.NGUYEN@sakilacustomer.org,1,625,2343.75,"2006-02-14 15:16:03"
230,JOY,GEORGE,JOY.GEORGE@sakilacustomer.org,2,1089,4114.11,"2005-08-21 08:38:21"
231,GEORGIA,JACOBS,GEORGIA.JACOBS@sakilacustomer.org,1,676,2879.24,"2005-08-22 22:51:13"
232,CONSTANCE,REID,CONSTANCE.REID@sakilacustomer.org,2,625,2393.75,"2005-08-23 04:33:39"
233,LILLIE,KIM,LILLIE.KIM@sakilacustomer.org,2,529,2064.71,"2005-08-23 15:03:58"
234,CLAUDIA,FULLER,CLAUDIA.FULLER@sakilacustomer.org,1,676,2905.24,"2006-02-14 15:16:03"
235,JACKIE,LYNCH,JACKIE.LYNCH@sakilacustomer.org,1,625,2343.75,"2005-08-22 09:33:08"
236,MARCIA,DEAN,MARCIA.DEAN@sakilacustomer.org,1,1764,7374.36,"2006-02-14 15:16:03"
237,TANYA,GILBERT,TANYA.GILBERT@sakilacustomer.org,1,1089,4774.11,"2005-08-23 18:28:09"
238,NELLIE,GARRETT,NELLIE.GARRETT@sakilacustomer.org,1,441,1990.59,"2005-08-23 01:05:00"
239,MINNIE,ROMERO,MINNIE.ROMERO@sakilacustomer.org,2,1156,4850.44,"2005-08-20 22:34:34"
240,MARLENE,WELCH,MARLENE.WELCH@sakilacustomer.org,1,676,3061.24,"2005-08-23 08:06:49"
241,HEIDI,LARSON,HEIDI.LARSON@sakilacustomer.org,2,1156,4170.44,"2005-08-23 13:14:15"
242,GLENDA,FRAZIER,GLENDA.FRAZIER@sakilacustomer.org,1,1024,4501.76,"2005-08-22 08:06:00"
243,LYDIA,BURKE,LYDIA.BURKE@sakilacustomer.org,1,576,1986.24,"2005-08-21 21:02:55"
244,VIOLA,HANSON,VIOLA.HANSON@sakilacustomer.org,2,1024,4149.76,"2006-02-14 15:16:03"
245,COURTNEY,DAY,COURTNEY.DAY@sakilacustomer.org,1,1024,4245.76,"2006-02-14 15:16:03"
246,MARIAN,MENDOZA,MARIAN.MENDOZA@sakilacustomer.org,1,529,2478.71,"2005-08-23 12:26:19"
247,STELLA,MORENO,STELLA.MORENO@sakilacustomer.org,1,484,2305.16,"2005-08-23 13:45:44"
248,CAROLINE,BOWMAN,CAROLINE.BOWMAN@sakilacustomer.org,1,225,762.75,"2005-08-22 03:58:29"
249,DORA,MEDINA,DORA.MEDINA@sakilacustomer.org,2,529,2478.71,"2005-08-22 14:33:50"
250,JO,FOWLER,JO.FOWLER@sakilacustomer.org,2,400,1476.00,"2005-08-22 17:52:05"
251,VICKIE,BREWER,VICKIE.BREWER@sakilacustomer.org,2,961,3741.39,"2006-02-14 15:16:03"
252,MATTIE,HOFFMAN,MATTIE.HOFFMAN@sakilacustomer.org,2,484,1425.16,"2006-02-14 15:16:03"
253,TERRY,CARLSON,TERRY.CARLSON@sakilacustomer.org,1,841,3703.59,"2005-08-22 17:12:29"
254,MAXINE,SILVA,MAXINE.SILVA@sakilacustomer.org,2,1024,3733.76,"2005-08-23 13:25:08"
255,IRMA,PEARSON,IRMA.PEARSON@sakilacustomer.org,2,324,1274.76,"2005-08-21 17:45:21"
256,MABEL,HOLLAND,MABEL.HOLLAND@sakilacustomer.org,2,900,3381.00,"2005-08-23 16:18:12"
257,MARSHA,DOUGLAS,MARSHA.DOUGLAS@sakilacustomer.org,2,1369,5610.31,"2005-08-23 19:51:29"
258,MYRTLE,FLEMING,MYRTLE.FLEMING@sakilacustomer.org,1,576,2658.24,"2005-08-22 04:31:37"
259,LENA,JENSEN,LENA.JENSEN@sakilacustomer.org,2,1056,5461.44,"2005-08-23 09:52:55"
260,CHRISTY,VARGAS,CHRISTY.VARGAS@sakilacustomer.org,1,961,3803.39,"2005-08-21 17:59:09"
261,DEANNA,BYRD,DEANNA.BYRD@sakilacustomer.org,1,676,2801.24,"2005-08-22 23:08:46"
262,PATSY,DAVIDSON,PATSY.DAVIDSON@sakilacustomer.org,2,784,3352.16,"2005-08-23 17:57:35"
263,HILDA,HOPKINS,HILDA.HOPKINS@sakilacustomer.org,1,841,3558.59,"2006-02-14 15:16:03"
264,GWENDOLYN,MAY,GWENDOLYN.MAY@sakilacustomer.org,1,625,2468.75,"2006-02-14 15:16:03"
265,JENNIE,TERRY,JENNIE.TERRY@sakilacustomer.org,2,841,3877.59,"2005-08-22 05:59:59"
266,NORA,HERRERA,NORA.HERRERA@sakilacustomer.org,2,784,3324.16,"2005-08-22 21:06:00"
267,MARGIE,WADE,MARGIE.WADE@sakilacustomer.org,1,1296,5747.04,"2006-02-14 15:16:03"
268,NINA,SOTO,NINA.SOTO@sakilacustomer.org,1,841,3587.59,"2005-08-22 15:49:54"
269,CASSANDRA,WALTERS,CASSANDRA.WALTERS@sakilacustomer.org,1,900,3891.00,"2006-02-14 15:16:03"
270,LEAH,CURTIS,LEAH.CURTIS@sakilacustomer.org,1,625,2618.75,"2005-08-23 07:10:22"
271,PENNY,NEAL,PENNY.NEAL@sakilacustomer.org,1,324,1238.76,"2005-08-22 17:48:42"
272,KAY,CALDWELL,KAY.CALDWELL@sakilacustomer.org,1,400,1976.00,"2005-08-20 16:07:55"
273,PRISCILLA,LOWE,PRISCILLA.LOWE@sakilacustomer.org,2,1225,5517.75,"2005-08-23 12:50:00"
274,NAOMI,JENNINGS,NAOMI.JENNINGS@sakilacustomer.org,1,1225,5342.75,"2006-02-14 15:16:03"
275,CAROLE,BARNETT,CAROLE.BARNETT@sakilacustomer.org,2,900,3261.00,"2005-08-23 02:30:23"
276,BRANDY,GRAVES,BRANDY.GRAVES@sakilacustomer.org,1,784,3436.16,"2005-08-23 18:08:19"
277,OLGA,JIMENEZ,OLGA.JIMENEZ@sakilacustomer.org,2,1024,4629.76,"2005-08-22 21:05:50"
278,BILLIE,HORTON,BILLIE.HORTON@sakilacustomer.org,2,676,2307.24,"2005-08-23 21:30:45"
279,DIANNE,SHELTON,DIANNE.SHELTON@sakilacustomer.org,2,961,4206.39,"2006-02-14 15:16:03"
280,TRACEY,BARRETT,TRACEY.BARRETT@sakilacustomer.org,2,729,3205.71,"2005-08-23 19:09:39"
281,LEONA,OBRIEN,LEONA.OBRIEN@sakilacustomer.org,2,196,712.04,"2005-08-21 03:40:40"
282,JENNY,CASTRO,JENNY.CASTRO@sakilacustomer.org,2,729,2800.71,"2006-02-14 15:16:03"
283,FELICIA,SUTTON,FELICIA.SUTTON@sakilacustomer.org,1,784,2428.16,"2005-08-23 15:29:41"
284,SONIA,GREGORY,SONIA.GREGORY@sakilacustomer.org,1,784,3548.16,"2006-02-14 15:16:03"
285,MIRIAM,MCKINNEY,MIRIAM.MCKINNEY@sakilacustomer.org,1,676,3529.24,"2005-08-23 02:06:41"
286,VELMA,LUCAS,VELMA.LUCAS@sakilacustomer.org,1,729,3178.71,"2005-08-23 07:28:22"
287,BECKY,MILES,BECKY.MILES@sakilacustomer.org,2,841,3355.59,"2006-02-14 15:16:03"
288,BOBBIE,CRAIG,BOBBIE.CRAIG@sakilacustomer.org,1,576,1938.24,"2005-08-22 12:41:33"
289,VIOLET,RODRIQUEZ,VIOLET.RODRIQUEZ@sakilacustomer.org,1,900,4281.00,"2005-08-22 05:03:59"
290,KRISTINA,CHAMBERS,KRISTINA.CHAMBERS@sakilacustomer.org,1,784,3072.16,"2005-08-20 08:57:51"
291,TONI,HOLT,TONI.HOLT@sakilacustomer.org,1,529,2202.71,"2005-08-23 08:54:26"
292,MISTY,LAMBERT,MISTY.LAMBERT@sakilacustomer.org,2,729,3205.71,"2005-08-22 12:38:20"
293,MAE,FLETCHER,MAE.FLETCHER@sakilacustomer.org,2,961,4919.39,"2005-08-23 09:18:52"
294,SHELLY,WATTS,SHELLY.WATTS@sakilacustomer.org,2,676,2957.24,"2005-08-23 15:34:46"
295,DAISY,BATES,DAISY.BATES@sakilacustomer.org,1,1444,6179.56,"2006-02-14 15:16:03"
296,RAMONA,HALE,RAMONA.HALE@sakilacustomer.org,2,900,3891.00,"2006-02-14 15:16:03"
297,SHERRI,RHODES,SHERRI.RHODES@sakilacustomer.org,1,1089,4246.11,"2005-08-23 10:43:00"
298,ERIKA,PENA,ERIKA.PENA@sakilacustomer.org,1,676,2645.24,"2005-08-23 08:13:26"
299,JAMES,GANNON,JAMES.GANNON@sakilacustomer.org,2,900,3951.00,"2005-08-22 04:26:34"
300,JOHN,FARNSWORTH,JOHN.FARNSWORTH@sakilacustomer.org,1,961,4268.39,"2006-02-14 15:16:03"
301,ROBERT,BAUGHMAN,ROBERT.BAUGHMAN@sakilacustomer.org,2,441,1948.59,"2005-08-22 18:39:11"
302,MICHAEL,SILVERMAN,MICHAEL.SILVERMAN@sakilacustomer.org,1,841,3703.59,"2005-08-23 20:22:17"
303,WILLIAM,SATTERFIELD,WILLIAM.SATTERFIELD@sakilacustomer.org,2,676,2619.24,"2005-08-23 02:55:42"
304,DAVID,ROYAL,DAVID.ROYAL@sakilacustomer.org,2,676,3009.24,"2005-08-22 06:05:38"
305,RICHARD,MCCRARY,RICHARD.MCCRARY@sakilacustomer.org,1,625,2743.75,"2005-08-23 06:59:07"
306,CHARLES,KOWALSKI,CHARLES.KOWALSKI@sakilacustomer.org,1,1024,4437.76,"2005-08-23 16:19:14"
307,JOSEPH,JOY,JOSEPH.JOY@sakilacustomer.org,2,900,4041.00,"2005-08-23 03:03:53"
308,THOMAS,GRIGSBY,THOMAS.GRIGSBY@sakilacustomer.org,1,625,2643.75,"2005-08-23 15:03:13"
309,CHRISTOPHER,GRECO,CHRISTOPHER.GRECO@sakilacustomer.org,1,961,4578.39,"2005-08-22 23:58:09"
310,DANIEL,CABRAL,DANIEL.CABRAL@sakilacustomer.org,2,400,1956.00,"2005-08-22 06:53:21"
311,PAUL,TROUT,PAUL.TROUT@sakilacustomer.org,2,529,2777.71,"2005-08-23 21:34:33"
312,MARK,RINEHART,MARK.RINEHART@sakilacustomer.org,2,676,2723.24,"2005-08-23 16:44:31"
313,DONALD,MAHON,DONALD.MAHON@sakilacustomer.org,2,529,2064.71,"2005-08-23 05:24:29"
314,GEORGE,LINTON,GEORGE.LINTON@sakilacustomer.org,1,1089,4345.11,"2005-08-23 21:37:59"
315,KENNETH,GOODEN,KENNETH.GOODEN@sakilacustomer.org,2,289,1442.11,"2006-02-14 15:16:03"
316,STEVEN,CURLEY,STEVEN.CURLEY@sakilacustomer.org,1,841,3848.59,"2005-08-23 15:34:49"
317,EDWARD,BAUGH,EDWARD.BAUGH@sakilacustomer.org,2,784,3212.16,"2006-02-14 15:16:03"
318,BRIAN,WYMAN,BRIAN.WYMAN@sakilacustomer.org,1,144,634.56,"2005-08-21 06:34:05"
319,RONALD,WEINER,RONALD.WEINER@sakilacustomer.org,2,900,3981.00,"2005-08-22 23:07:57"
320,ANTHONY,SCHWAB,ANTHONY.SCHWAB@sakilacustomer.org,2,400,1436.00,"2005-08-22 19:44:53"
321,KEVIN,SCHULER,KEVIN.SCHULER@sakilacustomer.org,1,484,2569.16,"2005-08-23 16:56:14"
322,JASON,MORRISSEY,JASON.MORRISSEY@sakilacustomer.org,1,784,3604.16,"2005-08-23 10:23:48"
323,MATTHEW,MAHAN,MATTHEW.MAHAN@sakilacustomer.org,2,961,3555.39,"2005-08-23 11:30:32"
324,GARY,COY,GARY.COY@sakilacustomer.org,2,625,2593.75,"2006-02-14 15:16:03"
325,TIMOTHY,BUNN,TIMOTHY.BUNN@sakilacustomer.org,1,484,2019.16,"2005-08-22 08:27:27"
326,JOSE,ANDREW,JOSE.ANDREW@sakilacustomer.org,1,625,2418.75,"2005-08-19 01:38:18"
327,LARRY,THRASHER,LARRY.THRASHER@sakilacustomer.org,2,676,2931.24,"2006-02-14 15:16:03"
328,JEFFREY,SPEAR,JEFFREY.SPEAR@sakilacustomer.org,2,529,2087.71,"2005-08-23 16:17:09"
329,FRANK,WAGGONER,FRANK.WAGGONER@sakilacustomer.org,2,1024,4085.76,"2005-08-22 19:54:31"
330,SCOTT,SHELLEY,SCOTT.SHELLEY@sakilacustomer.org,1,625,2368.75,"2006-02-14 15:16:03"
331,ERIC,ROBERT,ERIC.ROBERT@sakilacustomer.org,1,729,3313.71,"2005-08-23 03:30:51"
332,STEPHEN,QUALLS,STEPHEN.QUALLS@sakilacustomer.org,1,784,3324.16,"2005-08-22 16:37:36"
333,ANDREW,PURDY,ANDREW.PURDY@sakilacustomer.org,2,729,2962.71,"2005-08-22 19:59:42"
334,RAYMOND,MCWHORTER,RAYMOND.MCWHORTER@sakilacustomer.org,2,900,4071.00,"2006-02-14 15:16:03"
335,GREGORY,MAULDIN,GREGORY.MAULDIN@sakilacustomer.org,1,529,1811.71,"2006-02-14 15:16:03"
336,JOSHUA,MARK,JOSHUA.MARK@sakilacustomer.org,1,900,3591.00,"2006-02-14 15:16:03"
337,JERRY,JORDON,JERRY.JORDON@sakilacustomer.org,1,841,4167.59,"2006-02-14 15:16:03"
338,DENNIS,GILMAN,DENNIS.GILMAN@sakilacustomer.org,1,784,3212.16,"2005-08-22 15:26:29"
339,WALTER,PERRYMAN,WALTER.PERRYMAN@sakilacustomer.org,2,900,3831.00,"2005-08-21 23:24:52"
340,PATRICK,NEWSOM,PATRICK.NEWSOM@sakilacustomer.org,1,961,3710.39,"2005-08-22 22:25:17"
341,PETER,MENARD,PETER.MENARD@sakilacustomer.org,1,529,2455.71,"2005-08-23 18:43:31"
342,HAROLD,MARTINO,HAROLD.MARTINO@sakilacustomer.org,1,1024,4181.76,"2005-08-23 17:09:31"
343,DOUGLAS,GRAF,DOUGLAS.GRAF@sakilacustomer.org,1,625,2868.75,"2005-08-23 20:04:41"
344,HENRY,BILLINGSLEY,HENRY.BILLINGSLEY@sakilacustomer.org,1,324,1328.76,"2005-08-22 16:55:26"
345,CARL,ARTIS,CARL.ARTIS@sakilacustomer.org,1,529,2455.71,"2005-08-23 04:28:25"
346,ARTHUR,SIMPKINS,ARTHUR.SIMPKINS@sakilacustomer.org,1,1024,4981.76,"2005-08-23 15:15:19"
347,RYAN,SALISBURY,RYAN.SALISBURY@sakilacustomer.org,2,900,4281.00,"2005-08-23 04:51:52"
348,ROGER,QUINTANILLA,ROGER.QUINTANILLA@sakilacustomer.org,2,1296,5279.04,"2005-08-23 18:50:54"
349,JOE,GILLILAND,JOE.GILLILAND@sakilacustomer.org,2,841,4022.59,"2006-02-14 15:16:03"
350,JUAN,FRALEY,JUAN.FRALEY@sakilacustomer.org,1,529,1696.71,"2005-08-23 14:35:10"
351,JACK,FOUST,JACK.FOUST@sakilacustomer.org,1,576,2154.24,"2005-08-23 13:01:43"
352,ALBERT,CROUSE,ALBERT.CROUSE@sakilacustomer.org,1,529,2294.71,"2006-02-14 15:16:03"
353,JONATHAN,SCARBOROUGH,JONATHAN.SCARBOROUGH@sakilacustomer.org,1,324,1310.76,"2005-08-23 09:23:08"
354,JUSTIN,NGO,JUSTIN.NGO@sakilacustomer.org,2,1296,4667.04,"2006-02-14 15:16:03"
355,TERRY,GRISSOM,TERRY.GRISSOM@sakilacustomer.org,2,400,1456.00,"2006-02-14 15:16:03"
356,GERALD,FULTZ,GERALD.FULTZ@sakilacustomer.org,2,900,3651.00,"2005-08-23 12:47:16"
357,KEITH,RICO,KEITH.RICO@sakilacustomer.org,1,676,2333.24,"2005-08-23 16:22:20"
358,SAMUEL,MARLOW,SAMUEL.MARLOW@sakilacustomer.org,2,441,1696.59,"2005-08-20 20:16:35"
359,WILLIE,MARKHAM,WILLIE.MARKHAM@sakilacustomer.org,2,625,2543.75,"2006-02-14 15:16:03"
360,RALPH,MADRIGAL,RALPH.MADRIGAL@sakilacustomer.org,2,1156,5122.44,"2005-08-22 19:56:41"
361,LAWRENCE,LAWTON,LAWRENCE.LAWTON@sakilacustomer.org,2,961,3121.39,"2006-02-14 15:16:03"
362,NICHOLAS,BARFIELD,NICHOLAS.BARFIELD@sakilacustomer.org,1,1024,4661.76,"2005-08-22 06:17:12"
363,ROY,WHITING,ROY.WHITING@sakilacustomer.org,2,841,4167.59,"2005-08-22 20:44:55"
364,BENJAMIN,VARNEY,BENJAMIN.VARNEY@sakilacustomer.org,1,529,2202.71,"2005-08-22 17:48:10"
365,BRUCE,SCHWARZ,BRUCE.SCHWARZ@sakilacustomer.org,2,529,2386.71,"2005-08-21 12:51:49"
366,BRANDON,HUEY,BRANDON.HUEY@sakilacustomer.org,1,1369,5647.31,"2006-02-14 15:16:03"
367,ADAM,GOOCH,ADAM.GOOCH@sakilacustomer.org,1,484,2239.16,"2005-08-21 13:41:14"
368,HARRY,ARCE,HARRY.ARCE@sakilacustomer.org,1,1225,5517.75,"2005-08-23 00:31:09"
369,FRED,WHEAT,FRED.WHEAT@sakilacustomer.org,2,625,2218.75,"2006-02-14 15:16:03"
370,WAYNE,TRUONG,WAYNE.TRUONG@sakilacustomer.org,2,361,1345.39,"2005-08-23 20:13:31"
371,BILLY,POULIN,BILLY.POULIN@sakilacustomer.org,1,1225,5237.75,"2005-08-23 15:09:17"
372,STEVE,MACKENZIE,STEVE.MACKENZIE@sakilacustomer.org,2,1156,5394.44,"2005-08-23 05:08:58"
373,LOUIS,LEONE,LOUIS.LEONE@sakilacustomer.org,1,1225,5657.75,"2006-02-14 15:16:03"
374,JEREMY,HURTADO,JEREMY.HURTADO@sakilacustomer.org,2,784,2904.16,"2006-02-14 15:16:03"
375,AARON,SELBY,AARON.SELBY@sakilacustomer.org,2,576,2658.24,"2005-08-23 02:46:13"
376,RANDY,GAITHER,RANDY.GAITHER@sakilacustomer.org,1,784,3100.16,"2005-08-22 22:30:50"
377,HOWARD,FORTNER,HOWARD.FORTNER@sakilacustomer.org,1,676,2437.24,"2005-08-23 20:44:10"
378,EUGENE,CULPEPPER,EUGENE.CULPEPPER@sakilacustomer.org,1,361,1364.39,"2005-08-22 06:52:49"
379,CARLOS,COUGHLIN,CARLOS.COUGHLIN@sakilacustomer.org,1,529,2455.71,"2005-08-23 18:26:51"
380,RUSSELL,BRINSON,RUSSELL.BRINSON@sakilacustomer.org,1,1296,4919.04,"2005-08-23 12:33:00"
381,BOBBY,BOUDREAU,BOBBY.BOUDREAU@sakilacustomer.org,2,1225,3732.75,"2005-08-23 12:29:24"
382,VICTOR,BARKLEY,VICTOR.BARKLEY@sakilacustomer.org,2,576,2202.24,"2005-08-23 18:44:21"
383,MARTIN,BALES,MARTIN.BALES@sakilacustomer.org,1,729,2800.71,"2005-08-23 16:44:25"
384,ERNEST,STEPP,ERNEST.STEPP@sakilacustomer.org,2,625,2243.75,"2005-08-22 20:20:04"
385,PHILLIP,HOLM,PHILLIP.HOLM@sakilacustomer.org,1,676,2645.24,"2005-08-23 02:06:01"
386,TODD,TAN,TODD.TAN@sakilacustomer.org,1,841,3413.59,"2005-08-23 19:06:04"
387,JESSE,SCHILLING,JESSE.SCHILLING@sakilacustomer.org,2,676,2645.24,"2005-08-22 07:16:36"
388,CRAIG,MORRELL,CRAIG.MORRELL@sakilacustomer.org,2,900,3741.00,"2006-02-14 15:16:03"
389,ALAN,KAHN,ALAN.KAHN@sakilacustomer.org,1,676,3243.24,"2005-08-23 21:11:33"
390,SHAWN,HEATON,SHAWN.HEATON@sakilacustomer.org,1,1089,5038.11,"2005-08-22 22:21:35"
391,CLARENCE,GAMEZ,CLARENCE.GAMEZ@sakilacustomer.org,1,900,3141.00,"2005-08-21 09:55:47"
392,SEAN,DOUGLASS,SEAN.DOUGLASS@sakilacustomer.org,2,529,2110.71,"2005-08-21 11:51:10"
393,PHILIP,CAUSEY,PHILIP.CAUSEY@sakilacustomer.org,1,961,3772.39,"2005-08-23 22:50:12"
394,CHRIS,BROTHERS,CHRIS.BROTHERS@sakilacustomer.org,2,484,1865.16,"2006-02-14 15:16:03"
395,JOHNNY,TURPIN,JOHNNY.TURPIN@sakilacustomer.org,2,361,1098.39,"2005-08-23 19:54:24"
396,EARL,SHANKS,EARL.SHANKS@sakilacustomer.org,1,729,3016.71,"2005-08-22 16:15:33"
397,JIMMY,SCHRADER,JIMMY.SCHRADER@sakilacustomer.org,1,841,3065.59,"2005-08-22 11:17:37"
398,ANTONIO,MEEK,ANTONIO.MEEK@sakilacustomer.org,1,256,1261.44,"2005-08-22 15:56:42"
399,DANNY,ISOM,DANNY.ISOM@sakilacustomer.org,1,441,1927.59,"2005-08-23 01:25:30"
400,BRYAN,HARDISON,BRYAN.HARDISON@sakilacustomer.org,2,784,3492.16,"2005-08-23 20:23:08"
401,TONY,CARRANZA,TONY.CARRANZA@sakilacustomer.org,2,462,1570.38,"2005-08-23 18:23:11"
402,LUIS,YANEZ,LUIS.YANEZ@sakilacustomer.org,1,400,1596.00,"2005-08-23 00:11:52"
403,MIKE,WAY,MIKE.WAY@sakilacustomer.org,1,1225,5832.75,"2005-08-22 23:27:43"
404,STANLEY,SCROGGINS,STANLEY.SCROGGINS@sakilacustomer.org,2,900,4191.00,"2005-08-22 19:28:02"
405,LEONARD,SCHOFIELD,LEONARD.SCHOFIELD@sakilacustomer.org,1,1024,3509.76,"2006-02-14 15:16:03"
406,NATHAN,RUNYON,NATHAN.RUNYON@sakilacustomer.org,1,1024,3925.76,"2005-08-21 17:45:52"
407,DALE,RATCLIFF,DALE.RATCLIFF@sakilacustomer.org,1,729,3043.71,"2005-08-22 20:44:35"
408,MANUEL,MURRELL,MANUEL.MURRELL@sakilacustomer.org,1,900,3501.00,"2005-08-23 13:06:19"
409,RODNEY,MOELLER,RODNEY.MOELLER@sakilacustomer.org,2,529,2409.71,"2005-08-21 20:49:21"
410,CURTIS,IRBY,CURTIS.IRBY@sakilacustomer.org,2,1444,6369.56,"2006-02-14 15:16:03"
411,NORMAN,CURRIER,NORMAN.CURRIER@sakilacustomer.org,1,676,2099.24,"2006-02-14 15:16:03"
412,ALLEN,BUTTERFIELD,ALLEN.BUTTERFIELD@sakilacustomer.org,2,441,1801.59,"2006-02-14 15:16:03"
413,MARVIN,YEE,MARVIN.YEE@sakilacustomer.org,2,441,1591.59,"2005-08-23 09:23:45"
414,VINCENT,RALSTON,VINCENT.RALSTON@sakilacustomer.org,1,625,2643.75,"2005-08-23 01:59:14"
415,GLENN,PULLEN,GLENN.PULLEN@sakilacustomer.org,1,529,2156.71,"2005-08-23 19:27:04"
416,JEFFERY,PINSON,JEFFERY.PINSON@sakilacustomer.org,2,961,3772.39,"2005-08-23 12:55:51"
417,TRAVIS,ESTEP,TRAVIS.ESTEP@sakilacustomer.org,1,625,2768.75,"2006-02-14 15:16:03"
418,JEFF,EAST,JEFF.EAST@sakilacustomer.org,2,900,3231.00,"2005-08-23 19:21:22"
419,CHAD,CARBONE,CHAD.CARBONE@sakilacustomer.org,1,625,2243.75,"2005-08-23 13:33:46"
420,JACOB,LANCE,JACOB.LANCE@sakilacustomer.org,1,441,1675.59,"2005-08-23 06:21:20"
421,LEE,HAWKS,LEE.HAWKS@sakilacustomer.org,1,729,3232.71,"2006-02-14 15:16:03"
422,MELVIN,ELLINGTON,MELVIN.ELLINGTON@sakilacustomer.org,1,676,2541.24,"2006-02-14 15:16:03"
423,ALFRED,CASILLAS,ALFRED.CASILLAS@sakilacustomer.org,2,676,3139.24,"2005-08-23 12:46:38"
424,KYLE,SPURLOCK,KYLE.SPURLOCK@sakilacustomer.org,2,900,3321.00,"2006-02-14 15:16:03"
425,FRANCIS,SIKES,FRANCIS.SIKES@sakilacustomer.org,2,676,2723.24,"2005-08-23 22:12:44"
426,BRADLEY,MOTLEY,BRADLEY.MOTLEY@sakilacustomer.org,1,729,3421.71,"2005-08-22 01:32:14"
427,JESUS,MCCARTNEY,JESUS.MCCARTNEY@sakilacustomer.org,2,576,2754.24,"2005-08-22 20:35:30"
428,HERBERT,KRUGER,HERBERT.KRUGER@sakilacustomer.org,2,400,1576.00,"2005-08-17 00:40:03"
429,FREDERICK,ISBELL,FREDERICK.ISBELL@sakilacustomer.org,2,441,2221.59,"2005-08-21 14:04:39"
430,RAY,HOULE,RAY.HOULE@sakilacustomer.org,1,484,1755.16,"2005-08-22 09:11:48"
431,JOEL,FRANCISCO,JOEL.FRANCISCO@sakilacustomer.org,2,529,2202.71,"2006-02-14 15:16:03"
432,EDWIN,BURK,EDWIN.BURK@sakilacustomer.org,1,529,2685.71,"2005-08-23 10:56:15"
433,DON,BONE,DON.BONE@sakilacustomer.org,1,625,3343.75,"2005-08-23 02:40:04"
434,EDDIE,TOMLIN,EDDIE.TOMLIN@sakilacustomer.org,1,729,3475.71,"2005-08-22 22:37:34"
435,RICKY,SHELBY,RICKY.SHELBY@sakilacustomer.org,2,625,2293.75,"2005-08-22 13:19:25"
436,TROY,QUIGLEY,TROY.QUIGLEY@sakilacustomer.org,1,900,4341.00,"2005-08-23 13:10:16"
437,RANDALL,NEUMANN,RANDALL.NEUMANN@sakilacustomer.org,2,529,2294.71,"2005-08-22 07:52:18"
438,BARRY,LOVELACE,BARRY.LOVELACE@sakilacustomer.org,1,1089,4444.11,"2006-02-14 15:16:03"
439,ALEXANDER,FENNELL,ALEXANDER.FENNELL@sakilacustomer.org,2,1296,5459.04,"2005-08-23 21:27:35"
440,BERNARD,COLBY,BERNARD.COLBY@sakilacustomer.org,1,484,1953.16,"2006-02-14 15:16:03"
441,MARIO,CHEATHAM,MARIO.CHEATHAM@sakilacustomer.org,1,784,3156.16,"2006-02-14 15:16:03"
442,LEROY,BUSTAMANTE,LEROY.BUSTAMANTE@sakilacustomer.org,1,1024,3797.76,"2005-08-22 16:35:25"
443,FRANCISCO,SKIDMORE,FRANCISCO.SKIDMORE@sakilacustomer.org,2,484,2173.16,"2005-08-23 03:23:32"
444,MARCUS,HIDALGO,MARCUS.HIDALGO@sakilacustomer.org,2,900,3471.00,"2005-08-23 14:55:47"
445,MICHEAL,FORMAN,MICHEAL.FORMAN@sakilacustomer.org,1,676,2671.24,"2005-08-23 17:36:00"
446,THEODORE,CULP,THEODORE.CULP@sakilacustomer.org,2,961,3617.39,"2005-08-23 19:10:32"
447,CLIFFORD,BOWENS,CLIFFORD.BOWENS@sakilacustomer.org,1,841,3297.59,"2005-08-23 21:59:57"
448,MIGUEL,BETANCOURT,MIGUEL.BETANCOURT@sakilacustomer.org,1,841,3935.59,"2006-02-14 15:16:03"
449,OSCAR,AQUINO,OSCAR.AQUINO@sakilacustomer.org,2,400,1996.00,"2005-08-22 06:37:43"
450,JAY,ROBB,JAY.ROBB@sakilacustomer.org,1,676,2333.24,"2006-02-14 15:16:03"
451,JIM,REA,JIM.REA@sakilacustomer.org,1,1089,4246.11,"2005-08-23 08:31:49"
452,TOM,MILNER,TOM.MILNER@sakilacustomer.org,1,1024,3445.76,"2006-02-14 15:16:03"
453,CALVIN,MARTEL,CALVIN.MARTEL@sakilacustomer.org,1,529,2570.71,"2005-08-23 07:25:38"
454,ALEX,GRESHAM,ALEX.GRESHAM@sakilacustomer.org,2,1089,5005.11,"2005-08-23 06:55:26"
455,JON,WILES,JON.WILES@sakilacustomer.org,2,576,2106.24,"2005-08-23 02:25:09"
456,RONNIE,RICKETTS,RONNIE.RICKETTS@sakilacustomer.org,2,625,2518.75,"2005-08-23 17:43:16"
457,BILL,GAVIN,BILL.GAVIN@sakilacustomer.org,2,784,3212.16,"2006-02-14 15:16:03"
458,LLOYD,DOWD,LLOYD.DOWD@sakilacustomer.org,1,361,1269.39,"2005-08-23 06:44:19"
459,TOMMY,COLLAZO,TOMMY.COLLAZO@sakilacustomer.org,1,1444,7091.56,"2005-08-23 14:52:50"
460,LEON,BOSTIC,LEON.BOSTIC@sakilacustomer.org,1,625,2743.75,"2005-08-23 19:14:07"
461,DEREK,BLAKELY,DEREK.BLAKELY@sakilacustomer.org,1,784,2736.16,"2005-08-23 07:03:19"
462,WARREN,SHERROD,WARREN.SHERROD@sakilacustomer.org,2,1089,5269.11,"2005-08-23 21:17:17"
463,DARRELL,POWER,DARRELL.POWER@sakilacustomer.org,2,625,2293.75,"2005-08-22 14:23:11"
464,JEROME,KENYON,JEROME.KENYON@sakilacustomer.org,1,256,1181.44,"2005-08-23 20:13:38"
465,FLOYD,GANDY,FLOYD.GANDY@sakilacustomer.org,1,289,1187.11,"2005-08-23 16:08:15"
466,LEO,EBERT,LEO.EBERT@sakilacustomer.org,1,529,2409.71,"2005-08-23 21:00:22"
467,ALVIN,DELOACH,ALVIN.DELOACH@sakilacustomer.org,2,841,4051.59,"2005-08-23 15:19:15"
468,TIM,CARY,TIM.CARY@sakilacustomer.org,1,1521,6848.79,"2005-08-23 22:24:39"
469,WESLEY,BULL,WESLEY.BULL@sakilacustomer.org,2,1600,7104.00,"2005-08-23 15:46:33"
470,GORDON,ALLARD,GORDON.ALLARD@sakilacustomer.org,1,1024,5141.76,"2005-08-21 10:45:01"
471,DEAN,SAUER,DEAN.SAUER@sakilacustomer.org,1,729,2962.71,"2005-08-23 08:34:53"
472,GREG,ROBINS,GREG.ROBINS@sakilacustomer.org,1,900,4251.00,"2006-02-14 15:16:03"
473,JORGE,OLIVARES,JORGE.OLIVARES@sakilacustomer.org,2,1156,4578.44,"2005-08-23 21:46:47"
474,DUSTIN,GILLETTE,DUSTIN.GILLETTE@sakilacustomer.org,2,676,2619.24,"2006-02-14 15:16:03"
475,PEDRO,CHESTNUT,PEDRO.CHESTNUT@sakilacustomer.org,2,576,2490.24,"2005-08-22 19:23:58"
476,DERRICK,BOURQUE,DERRICK.BOURQUE@sakilacustomer.org,1,484,2107.16,"2006-02-14 15:16:03"
477,DAN,PAINE,DAN.PAINE@sakilacustomer.org,1,484,2415.16,"2005-08-23 18:23:30"
478,LEWIS,LYMAN,LEWIS.LYMAN@sakilacustomer.org,1,361,1649.39,"2005-08-23 11:22:09"
479,ZACHARY,HITE,ZACHARY.HITE@sakilacustomer.org,1,961,4547.39,"2006-02-14 15:16:03"
480,COREY,HAUSER,COREY.HAUSER@sakilacustomer.org,1,484,2239.16,"2005-08-23 05:38:41"
481,HERMAN,DEVORE,HERMAN.DEVORE@sakilacustomer.org,1,841,3355.59,"2005-08-21 17:15:33"
482,MAURICE,CRAWLEY,MAURICE.CRAWLEY@sakilacustomer.org,1,841,4022.59,"2005-08-23 16:42:53"
483,VERNON,CHAPA,VERNON.CHAPA@sakilacustomer.org,2,324,1598.76,"2005-08-19 03:10:21"
484,ROBERTO,VU,ROBERTO.VU@sakilacustomer.org,1,900,4191.00,"2005-08-23 21:49:22"
485,CLYDE,TOBIAS,CLYDE.TOBIAS@sakilacustomer.org,1,841,3355.59,"2005-08-19 09:36:28"
486,GLEN,TALBERT,GLEN.TALBERT@sakilacustomer.org,1,676,2957.24,"2005-08-21 06:44:37"
487,HECTOR,POINDEXTER,HECTOR.POINDEXTER@sakilacustomer.org,2,676,3113.24,"2005-08-23 08:59:12"
488,SHANE,MILLARD,SHANE.MILLARD@sakilacustomer.org,2,484,2107.16,"2005-08-23 02:37:19"
489,RICARDO,MEADOR,RICARDO.MEADOR@sakilacustomer.org,1,441,2095.59,"2005-08-23 20:12:17"
490,SAM,MCDUFFIE,SAM.MCDUFFIE@sakilacustomer.org,1,576,2826.24,"2005-08-23 00:55:24"
491,RICK,MATTOX,RICK.MATTOX@sakilacustomer.org,2,729,3367.71,"2005-08-23 09:41:28"
492,LESTER,KRAUS,LESTER.KRAUS@sakilacustomer.org,2,256,1053.44,"2005-08-23 19:22:36"
493,BRENT,HARKINS,BRENT.HARKINS@sakilacustomer.org,1,529,2593.71,"2006-02-14 15:16:03"
494,RAMON,CHOATE,RAMON.CHOATE@sakilacustomer.org,2,961,4361.39,"2005-08-22 19:28:04"
495,CHARLIE,BESS,CHARLIE.BESS@sakilacustomer.org,2,676,3139.24,"2006-02-14 15:16:03"
496,TYLER,WREN,TYLER.WREN@sakilacustomer.org,2,441,1864.59,"2006-02-14 15:16:03"
497,GILBERT,SLEDGE,GILBERT.SLEDGE@sakilacustomer.org,2,784,3632.16,"2006-02-14 15:16:03"
498,GENE,SANBORN,GENE.SANBORN@sakilacustomer.org,1,729,2638.71,"2005-08-19 03:46:43"
499,MARC,OUTLAW,MARC.OUTLAW@sakilacustomer.org,2,900,3711.00,"2005-08-23 06:00:28"
500,REGINALD,KINDER,REGINALD.KINDER@sakilacustomer.org,1,784,3240.16,"2005-08-23 15:54:20"
501,RUBEN,GEARY,RUBEN.GEARY@sakilacustomer.org,1,441,1885.59,"2005-08-23 10:20:35"
502,BRETT,CORNWELL,BRETT.CORNWELL@sakilacustomer.org,1,1156,4714.44,"2005-08-23 22:06:34"
503,ANGEL,BARCLAY,ANGEL.BARCLAY@sakilacustomer.org,1,1024,3701.76,"2005-08-23 14:13:47"
504,NATHANIEL,ADAM,NATHANIEL.ADAM@sakilacustomer.org,1,784,3744.16,"2005-08-23 21:44:27"
505,RAFAEL,ABNEY,RAFAEL.ABNEY@sakilacustomer.org,1,441,2053.59,"2006-02-14 15:16:03"
506,LESLIE,SEWARD,LESLIE.SEWARD@sakilacustomer.org,2,1225,5342.75,"2005-08-23 10:02:46"
507,EDGAR,RHOADS,EDGAR.RHOADS@sakilacustomer.org,2,625,2393.75,"2005-08-22 23:04:21"
508,MILTON,HOWLAND,MILTON.HOWLAND@sakilacustomer.org,2,625,3193.75,"2006-02-14 15:16:03"
509,RAUL,FORTIER,RAUL.FORTIER@sakilacustomer.org,1,400,2016.00,"2005-08-23 19:46:39"
510,BEN,EASTER,BEN.EASTER@sakilacustomer.org,2,676,3191.24,"2005-08-22 10:46:44"
511,CHESTER,BENNER,CHESTER.BENNER@sakilacustomer.org,1,576,2394.24,"2005-08-22 15:25:33"
512,CECIL,VINES,CECIL.VINES@sakilacustomer.org,1,676,3009.24,"2006-02-14 15:16:03"
513,DUANE,TUBBS,DUANE.TUBBS@sakilacustomer.org,2,961,4609.39,"2005-08-23 04:20:16"
514,FRANKLIN,TROUTMAN,FRANKLIN.TROUTMAN@sakilacustomer.org,2,484,1645.16,"2005-08-23 13:26:01"
515,ANDRE,RAPP,ANDRE.RAPP@sakilacustomer.org,1,784,3548.16,"2005-08-22 18:55:52"
516,ELMER,NOE,ELMER.NOE@sakilacustomer.org,2,676,2567.24,"2006-02-14 15:16:03"
517,BRAD,MCCURDY,BRAD.MCCURDY@sakilacustomer.org,2,625,2643.75,"2005-08-23 04:55:05"
518,GABRIEL,HARDER,GABRIEL.HARDER@sakilacustomer.org,1,676,2905.24,"2005-08-23 00:28:16"
519,RON,DELUCA,RON.DELUCA@sakilacustomer.org,2,529,2386.71,"2005-08-22 21:12:19"
520,MITCHELL,WESTMORELAND,MITCHELL.WESTMORELAND@sakilacustomer.org,2,1024,4309.76,"2005-08-23 18:59:33"
521,ROLAND,SOUTH,ROLAND.SOUTH@sakilacustomer.org,2,529,1857.71,"2006-02-14 15:16:03"
522,ARNOLD,HAVENS,ARNOLD.HAVENS@sakilacustomer.org,2,1089,5533.11,"2005-08-23 18:06:54"
523,HARVEY,GUAJARDO,HARVEY.GUAJARDO@sakilacustomer.org,1,484,2063.16,"2005-08-22 09:41:09"
524,JARED,ELY,JARED.ELY@sakilacustomer.org,1,361,1668.39,"2005-08-22 16:33:39"
525,ADRIAN,CLARY,ADRIAN.CLARY@sakilacustomer.org,2,361,1421.39,"2006-02-14 15:16:03"
526,KARL,SEAL,KARL.SEAL@sakilacustomer.org,2,2025,9969.75,"2005-08-23 22:21:03"
527,CORY,MEEHAN,CORY.MEEHAN@sakilacustomer.org,1,576,1962.24,"2006-02-14 15:16:03"
528,CLAUDE,HERZOG,CLAUDE.HERZOG@sakilacustomer.org,1,625,2793.75,"2005-08-23 16:43:54"
529,ERIK,GUILLEN,ERIK.GUILLEN@sakilacustomer.org,2,841,3442.59,"2005-08-22 19:46:05"
530,DARRYL,ASHCRAFT,DARRYL.ASHCRAFT@sakilacustomer.org,2,529,1765.71,"2006-02-14 15:16:03"
531,JAMIE,WAUGH,JAMIE.WAUGH@sakilacustomer.org,2,625,2968.75,"2005-08-22 21:36:51"
532,NEIL,RENNER,NEIL.RENNER@sakilacustomer.org,2,1024,4885.76,"2006-02-14 15:16:03"
533,JESSIE,MILAM,JESSIE.MILAM@sakilacustomer.org,1,1089,4675.11,"2006-02-14 15:16:03"
534,CHRISTIAN,JUNG,CHRISTIAN.JUNG@sakilacustomer.org,1,576,2130.24,"2006-02-14 15:16:03"
535,JAVIER,ELROD,JAVIER.ELROD@sakilacustomer.org,1,1024,4341.76,"2005-08-23 21:27:11"
536,FERNANDO,CHURCHILL,FERNANDO.CHURCHILL@sakilacustomer.org,2,625,2943.75,"2005-08-23 20:08:26"
537,CLINTON,BUFORD,CLINTON.BUFORD@sakilacustomer.org,2,625,2593.75,"2006-02-14 15:16:03"
538,TED,BREAUX,TED.BREAUX@sakilacustomer.org,2,841,3413.59,"2005-08-22 21:01:25"
539,MATHEW,BOLIN,MATHEW.BOLIN@sakilacustomer.org,1,484,1997.16,"2005-08-22 21:24:19"
540,TYRONE,ASHER,TYRONE.ASHER@sakilacustomer.org,1,576,2706.24,"2005-08-23 19:13:46"
541,DARREN,WINDHAM,DARREN.WINDHAM@sakilacustomer.org,2,576,2610.24,"2005-08-23 18:08:59"
542,LONNIE,TIRADO,LONNIE.TIRADO@sakilacustomer.org,2,324,1706.76,"2005-08-22 07:20:55"
543,LANCE,PEMBERTON,LANCE.PEMBERTON@sakilacustomer.org,1,484,1821.16,"2005-08-23 13:46:27"
544,CODY,NOLEN,CODY.NOLEN@sakilacustomer.org,2,484,2173.16,"2005-08-23 06:48:47"
545,JULIO,NOLAND,JULIO.NOLAND@sakilacustomer.org,2,441,1885.59,"2005-08-23 20:41:09"
546,KELLY,KNOTT,KELLY.KNOTT@sakilacustomer.org,1,650,2693.50,"2005-08-23 05:13:09"
547,KURT,EMMONS,KURT.EMMONS@sakilacustomer.org,1,529,2294.71,"2005-08-22 03:57:08"
548,ALLAN,CORNISH,ALLAN.CORNISH@sakilacustomer.org,1,361,1516.39,"2006-02-14 15:16:03"
549,NELSON,CHRISTENSON,NELSON.CHRISTENSON@sakilacustomer.org,1,400,1556.00,"2005-08-21 11:40:46"
550,GUY,BROWNLEE,GUY.BROWNLEE@sakilacustomer.org,2,1024,5109.76,"2006-02-14 15:16:03"
551,CLAYTON,BARBEE,CLAYTON.BARBEE@sakilacustomer.org,2,676,2515.24,"2005-08-22 22:57:25"
552,HUGH,WALDROP,HUGH.WALDROP@sakilacustomer.org,2,441,1906.59,"2005-08-23 10:21:21"
553,MAX,PITT,MAX.PITT@sakilacustomer.org,1,576,2586.24,"2005-08-23 02:48:24"
554,DWAYNE,OLVERA,DWAYNE.OLVERA@sakilacustomer.org,1,484,2239.16,"2005-08-23 09:53:30"
555,DWIGHT,LOMBARDI,DWIGHT.LOMBARDI@sakilacustomer.org,1,289,1272.11,"2005-08-22 11:58:58"
556,ARMANDO,GRUBER,ARMANDO.GRUBER@sakilacustomer.org,2,441,1759.59,"2005-08-23 05:24:09"
557,FELIX,GAFFNEY,FELIX.GAFFNEY@sakilacustomer.org,1,576,1770.24,"2006-02-14 15:16:03"
558,JIMMIE,EGGLESTON,JIMMIE.EGGLESTON@sakilacustomer.org,1,784,3800.16,"2005-08-21 06:53:53"
559,EVERETT,BANDA,EVERETT.BANDA@sakilacustomer.org,2,784,3100.16,"2005-08-23 16:33:33"
560,JORDAN,ARCHULETA,JORDAN.ARCHULETA@sakilacustomer.org,1,900,3981.00,"2006-02-14 15:16:03"
561,IAN,STILL,IAN.STILL@sakilacustomer.org,2,729,2611.71,"2006-02-14 15:16:03"
562,WALLACE,SLONE,WALLACE.SLONE@sakilacustomer.org,1,625,2743.75,"2005-08-23 17:16:30"
563,KEN,PREWITT,KEN.PREWITT@sakilacustomer.org,2,841,3210.59,"2005-08-23 15:45:42"
564,BOB,PFEIFFER,BOB.PFEIFFER@sakilacustomer.org,2,576,2202.24,"2005-08-22 10:22:00"
565,JAIME,NETTLES,JAIME.NETTLES@sakilacustomer.org,2,841,3674.59,"2005-08-23 16:50:43"
566,CASEY,MENA,CASEY.MENA@sakilacustomer.org,1,1156,4816.44,"2005-08-21 07:13:46"
567,ALFREDO,MCADAMS,ALFREDO.MCADAMS@sakilacustomer.org,2,400,1716.00,"2005-08-23 06:18:43"
568,ALBERTO,HENNING,ALBERTO.HENNING@sakilacustomer.org,2,441,1402.59,"2006-02-14 15:16:03"
569,DAVE,GARDINER,DAVE.GARDINER@sakilacustomer.org,2,1024,4309.76,"2005-08-23 21:48:54"
570,IVAN,CROMWELL,IVAN.CROMWELL@sakilacustomer.org,2,676,2593.24,"2006-02-14 15:16:03"
571,JOHNNIE,CHISHOLM,JOHNNIE.CHISHOLM@sakilacustomer.org,2,576,2922.24,"2005-08-23 15:35:59"
572,SIDNEY,BURLESON,SIDNEY.BURLESON@sakilacustomer.org,1,625,2718.75,"2005-08-20 08:59:38"
573,BYRON,BOX,BYRON.BOX@sakilacustomer.org,1,841,3500.59,"2005-08-19 11:27:20"
574,JULIAN,VEST,JULIAN.VEST@sakilacustomer.org,2,784,3072.16,"2005-08-22 16:53:29"
575,ISAAC,OGLESBY,ISAAC.OGLESBY@sakilacustomer.org,2,841,3674.59,"2005-08-23 15:59:51"
576,MORRIS,MCCARTER,MORRIS.MCCARTER@sakilacustomer.org,2,1156,4748.44,"2006-02-14 15:16:03"
577,CLIFTON,MALCOLM,CLIFTON.MALCOLM@sakilacustomer.org,2,756,3205.44,"2005-08-23 20:47:28"
578,WILLARD,LUMPKIN,WILLARD.LUMPKIN@sakilacustomer.org,2,484,2129.16,"2005-08-23 08:34:10"
579,DARYL,LARUE,DARYL.LARUE@sakilacustomer.org,2,729,3016.71,"2006-02-14 15:16:03"
580,ROSS,GREY,ROSS.GREY@sakilacustomer.org,1,729,2692.71,"2005-08-23 18:54:32"
581,VIRGIL,WOFFORD,VIRGIL.WOFFORD@sakilacustomer.org,1,729,2908.71,"2005-08-23 14:05:37"
582,ANDY,VANHORN,ANDY.VANHORN@sakilacustomer.org,2,625,2843.75,"2006-02-14 15:16:03"
583,MARSHALL,THORN,MARSHALL.THORN@sakilacustomer.org,1,529,2708.71,"2005-08-21 06:00:22"
584,SALVADOR,TEEL,SALVADOR.TEEL@sakilacustomer.org,2,900,3891.00,"2005-08-23 07:06:00"
585,PERRY,SWAFFORD,PERRY.SWAFFORD@sakilacustomer.org,1,576,2826.24,"2006-02-14 15:16:03"
586,KIRK,STCLAIR,KIRK.STCLAIR@sakilacustomer.org,1,361,1231.39,"2005-08-23 09:40:04"
587,SERGIO,STANFIELD,SERGIO.STANFIELD@sakilacustomer.org,1,676,2827.24,"2006-02-14 15:16:03"
588,MARION,OCAMPO,MARION.OCAMPO@sakilacustomer.org,1,841,3355.59,"2005-08-22 16:37:32"
589,TRACY,HERRMANN,TRACY.HERRMANN@sakilacustomer.org,1,784,3632.16,"2005-08-23 20:28:32"
590,SETH,HANNON,SETH.HANNON@sakilacustomer.org,2,625,2818.75,"2006-02-14 15:16:03"
591,KENT,ARSENAULT,KENT.ARSENAULT@sakilacustomer.org,1,729,3637.71,"2005-08-20 15:05:42"
592,TERRANCE,ROUSH,TERRANCE.ROUSH@sakilacustomer.org,1,841,3239.59,"2006-02-14 15:16:03"
593,RENE,MCALISTER,RENE.MCALISTER@sakilacustomer.org,2,676,2957.24,"2005-08-21 19:35:59"
594,EDUARDO,HIATT,EDUARDO.HIATT@sakilacustomer.org,1,729,3529.71,"2005-08-22 07:54:47"
595,TERRENCE,GUNDERSON,TERRENCE.GUNDERSON@sakilacustomer.org,1,900,3531.00,"2005-08-23 21:26:35"
596,ENRIQUE,FORSYTHE,ENRIQUE.FORSYTHE@sakilacustomer.org,1,784,2708.16,"2006-02-14 15:16:03"
597,FREDDIE,DUGGAN,FREDDIE.DUGGAN@sakilacustomer.org,1,625,2493.75,"2006-02-14 15:16:03"
598,WADE,DELVALLE,WADE.DELVALLE@sakilacustomer.org,1,484,1843.16,"2005-08-23 00:44:15"
599,AUSTIN,CINTRON,AUSTIN.CINTRON@sakilacustomer.org,2,361,1592.39,"2005-08-23 11:25:00"
