film_id,title,release_year,rating,category,total_rentals,total_revenue
19,"AMADEUS HOLY",2006,PG,Action,21,33.79
21,"AMERICAN CIRCUS",2006,R,Action,22,167.78
29,"ANTITRUST TOMATOES",2006,NC-17,Action,10,37.90
38,"ARK RIDGEMONT",2006,NC-17,Action,0,NULL
56,"BAREFOOT MANCHURIAN",2006,G,Action,18,66.82
67,"BERETS AGENT",2006,PG-13,Action,21,78.78
97,"BRIDE INTRIGUE",2006,G,Action,19,21.81
105,"BULL SHAWSHANK",2006,NC-17,Action,16,21.84
111,"CADDYSHACK JEDI",2006,NC-17,Action,16,51.84
115,"CAMPUS REMEMBER",2006,R,Action,19,90.81
126,"CASUALTIES ENCINO",2006,G,Action,9,72.91
130,"CELEBRITY HORN",2006,PG-13,Action,24,32.76
162,"CLUELESS BUCKET",2006,R,Action,25,112.75
194,"CROW GREASE",2006,PG,Action,12,18.88
205,"DANCES NONE",2006,NC-17,Action,14,31.86
210,"DARKO DORADO",2006,NC-17,Action,11,82.89
212,"DARN FORRESTER",2006,G,Action,18,93.82
229,"DEVIL DESIRE",2006,R,Action,15,83.85
250,"DRAGON SQUAD",2006,NC-17,Action,11,27.89
252,"DREAM PICKUP",2006,PG,Action,22,81.78
253,"DRIFTER COMMANDMENTS",2006,PG-13,Action,24,141.76
271,"EASY GLADIATOR",2006,G,Action,23,150.77
287,"ENTRAPMENT SATISFACTION",2006,R,Action,15,47.85
292,"EXCITEMENT EVE",2006,G,Action,21,67.79
303,"FANTASY TROOPERS",2006,PG-13,Action,26,45.74
318,"FIREHOUSE VIETNAM",2006,G,Action,0,NULL
327,"FOOL MOCKINGBIRD",2006,PG,Action,23,175.77
329,"FORREST SONS",2006,R,Action,18,87.82
360,"GLASS DYING",2006,G,Action,14,43.86
371,"GOSFORD DONNIE",2006,G,Action,8,48.92
375,"GRAIL FRANKENSTEIN",2006,NC-17,Action,10,52.90
395,"HANDICAP BOONDOCK",2006,R,Action,28,63.72
417,"HILLS NEIGHBORS",2006,G,Action,25,72.75
501,"KISSING DOLLS",2006,R,Action,20,147.80
511,"LAWRENCE LOVE",2006,NC-17,Action,13,15.87
530,"LORD ARIZONA",2006,PG-13,Action,11,42.89
542,"LUST LOCK",2006,G,Action,15,74.82
549,"MAGNOLIA FORRESTER",2006,PG-13,Action,11,34.89
574,"MIDNIGHT WESTWARD",2006,G,Action,17,45.83
579,"MINDS TRUMAN",2006,PG-13,Action,20,149.80
586,"MOCKINGBIRD HOLLYWOOD",2006,PG,Action,24,59.76
594,"MONTEZUMA COMMAND",2006,NC-17,Action,9,11.91
659,"PARK CITIZEN",2006,PG-13,Action,8,60.92
664,"PATRIOT ROMAN",2006,PG,Action,16,55.84
697,"PRIMARY GLASS",2006,G,Action,27,36.73
707,"QUEST MUSSOLINI",2006,R,Action,20,77.80
717,"REAR TRADING",2006,NC-17,Action,17,32.83
732,"RINGS HEARTBREAKERS",2006,G,Action,15,34.85
748,"RUGRATS SHAKESPEARE",2006,PG-13,Action,30,70.70
793,"SHRUNK DIVINE",2006,R,Action,14,52.86
794,"SIDE ARK",2006,G,Action,12,29.88
802,"SKY MIRACLE",2006,PG,Action,0,NULL
823,"SOUTH WAIT",2006,R,Action,22,107.78
825,"SPEAKEASY DATE",2006,PG-13,Action,12,45.88
838,"STAGECOACH ARMAGEDDON",2006,R,Action,26,154.74
850,"STORY SIDE",2006,R,Action,28,39.72
869,"SUSPECTS QUILLS",2006,PG,Action,30,133.70
911,"TRIP NEWTON",2006,PG-13,Action,28,145.72
915,"TRUMAN CRAZY",2006,G,Action,23,121.77
927,"UPRISING UPTOWN",2006,NC-17,Action,16,60.84
964,"WATERFRONT DELIVERANCE",2006,G,Action,17,121.83
968,"WEREWOLF LOLA",2006,G,Action,14,78.86
982,"WOMEN DORADO",2006,R,Action,23,44.78
991,"WORST BANGER",2006,PG,Action,16,73.84
18,"ALTER VICTORY",2006,PG-13,Animation,22,32.78
23,"ANACONDA CONFESSIONS",2006,R,Animation,21,60.79
36,"ARGONAUTS TOWN",2006,PG-13,Animation,0,NULL
70,"BIKINI BORROWERS",2006,NC-17,Animation,17,98.83
78,"BLACKOUT PRIVATE",2006,PG,Animation,27,91.73
89,"BORROWERS BEDAZZLED",2006,G,Animation,22,27.78
118,"CANYON STOCK",2006,R,Animation,19,27.81
121,"CAROL TEXAS",2006,PG,Animation,18,83.82
134,"CHAMPION FLATLINERS",2006,PG,Animation,13,85.87
154,"CLASH FREDDY",2006,G,Animation,25,85.75
160,"CLUB GRAFFITI",2006,PG-13,Animation,19,44.80
193,"CROSSROADS CASUALTIES",2006,G,Animation,21,77.79
208,"DARES PLUTO",2006,PG-13,Animation,9,29.91
223,"DESIRE ALIEN",2006,NC-17,Animation,8,25.92
239,"DOGMA FAMILY",2006,G,Animation,30,178.70
241,"DONNIE ALLEY",2006,NC-17,Animation,14,35.86
243,"DOORS PRESIDENT",2006,NC-17,Animation,19,123.81
245,"DOUBLE WRATH",2006,R,Animation,25,74.75
259,"DUCK RACER",2006,NC-17,Animation,6,23.94
268,"EARLY HOME",2006,NC-17,Animation,7,41.93
300,"FALCON VOLUME",2006,PG-13,Animation,22,127.77
314,"FIGHT JAWBREAKER",2006,R,Animation,22,59.78
325,"FLOATS GARDEN",2006,PG-13,Animation,0,NULL
326,"FLYING HOOK",2006,NC-17,Animation,20,83.80
330,"FORRESTER COMANCHEROS",2006,NC-17,Animation,27,146.73
349,"GANGS PRIDE",2006,PG-13,Animation,27,112.73
355,"GHOSTBUSTERS ELF",2006,R,Animation,9,11.91
402,"HARPER DYING",2006,G,Animation,20,77.80
430,"HOOK CHARIOTS",2006,G,Animation,13,17.87
433,"HORN WORKING",2006,PG,Animation,24,112.76
456,"INCH JET",2006,NC-17,Animation,18,95.82
461,"INSECTS STONE",2006,NC-17,Animation,18,36.81
464,"INTENTIONS EMPIRE",2006,PG-13,Animation,17,78.83
470,"ISHTAR ROCKETEER",2006,R,Animation,7,51.93
489,"JUGGLER HARDLY",2006,PG-13,Animation,32,96.68
510,"LAWLESS VISION",2006,G,Animation,17,86.84
541,"LUKE MUMMY",2006,NC-17,Animation,7,28.93
564,"MASSAGE IMAGE",2006,PG,Animation,12,59.88
569,"MENAGERIE RUSHMORE",2006,G,Animation,7,21.93
582,"MIRACLE VIRTUAL",2006,PG-13,Animation,9,44.91
583,"MISSION ZOOLANDER",2006,PG-13,Animation,18,126.82
615,"NASH CHOCOLAT",2006,PG-13,Animation,15,64.85
644,"OSCAR GOLD",2006,PG,Animation,25,83.75
649,"OZ LIAISONS",2006,R,Animation,24,95.76
651,"PACKER MADIGAN",2006,PG-13,Animation,22,60.78
690,"POND SEATTLE",2006,PG-13,Animation,19,64.81
692,"POTLUCK MIXED",2006,G,Animation,11,49.89
693,"POTTER CONNECTICUT",2006,PG,Animation,17,72.83
696,"PRIDE ALAMO",2006,NC-17,Animation,16,18.84
703,"PUNK DIVORCE",2006,PG,Animation,8,46.92
743,"ROOM ROMAN",2006,PG,Animation,20,29.80
805,"SLEEPLESS MONSOON",2006,G,Animation,20,121.80
816,"SNOWMAN ROLLERCOASTER",2006,G,Animation,23,72.77
820,"SONS INTERVIEW",2006,NC-17,Animation,15,79.84
849,"STORM HAPPINESS",2006,NC-17,Animation,29,46.71
859,"SUGAR WONKA",2006,PG,Animation,17,105.83
865,"SUNRISE LEAGUE",2006,PG-13,Animation,24,170.76
880,"TELEMARK HEARTBREAKERS",2006,PG-13,Animation,25,91.75
886,"THEORY MERMAID",2006,PG-13,Animation,11,30.88
887,"THIEF PELICAN",2006,PG-13,Animation,19,117.81
892,"TITANIC BOONDOCK",2006,R,Animation,23,154.77
901,"TRACY CIDER",2006,G,Animation,26,85.74
916,"TURN STAR",2006,G,Animation,14,70.86
953,"WAIT CIDER",2006,PG-13,Animation,21,83.79
963,"WATCH TRACY",2006,PG,Animation,16,34.84
986,"WONKA SEA",2006,NC-17,Animation,18,66.82
48,"BACKLASH UNDEFEATED",2006,PG-13,Children,19,158.81
59,"BEAR GRACELAND",2006,R,Children,22,107.78
66,"BENEATH RUSH",2006,NC-17,Children,10,16.90
68,"BETRAYED REAR",2006,NC-17,Children,15,91.85
110,"CABIN FLASH",2006,NC-17,Children,15,40.85
124,"CASPER DRAGONFLY",2006,PG-13,Children,8,52.92
149,"CHRISTMAS MOONSHINE",2006,NC-17,Children,21,28.79
152,"CIRCUS YOUTH",2006,PG-13,Children,15,60.85
157,"CLOCKWORK PARADISE",2006,PG-13,Children,10,11.90
168,"COMANCHEROS ENEMY",2006,R,Children,6,9.94
191,"CROOKED FROGMEN",2006,PG-13,Children,23,41.77
214,"DAUGHTER MADIGAN",2006,PG-13,Children,9,69.91
238,"DOCTOR GRAIL",2006,G,Children,7,34.93
280,"EMPIRE MALKOVICH",2006,G,Children,21,30.79
304,"FARGO GANDHI",2006,G,Children,24,111.76
328,"FOREVER CANDIDATE",2006,NC-17,Children,13,43.87
343,"FULL FLATLINERS",2006,PG,Children,5,16.95
344,"FURY MURDER",2006,PG-13,Children,19,63.81
354,"GHOST GROUNDHOG",2006,G,Children,21,119.79
356,"GIANT TROOPERS",2006,R,Children,28,106.72
370,"GORGEOUS BINGO",2006,R,Children,19,105.81
373,"GRADUATE LORD",2006,G,Children,16,52.84
392,"HALL CASSIDY",2006,NC-17,Children,16,98.84
409,"HEARTBREAKERS BRIGHT",2006,G,Children,20,132.80
423,"HOLLYWOOD ANONYMOUS",2006,PG,Children,13,13.87
424,"HOLOCAUST HIGHBALL",2006,R,Children,17,25.83
450,"IDOLS SNATCHERS",2006,NC-17,Children,30,114.70
468,"INVASION CYCLONE",2006,PG,Children,27,103.73
485,"JERSEY SASSY",2006,PG,Children,6,39.94
491,"JUMPING WRATH",2006,NC-17,Children,24,79.76
505,"LABYRINTH LEAGUE",2006,PG-13,Children,15,47.85
509,"LANGUAGE COWBOY",2006,NC-17,Children,11,19.89
515,"LEGALLY SECRETARY",2006,PG,Children,9,46.91
547,"MAGIC MALLRATS",2006,PG,Children,7,17.93
553,"MAKER GABLES",2006,PG-13,Children,10,32.90
573,"MICROCOSMOS PARADISE",2006,PG-13,Children,13,46.87
588,"MODEL FISH",2006,NC-17,Children,15,93.85
608,"MURDER ANTITRUST",2006,PG,Children,23,84.77
626,"NOON PAPI",2006,G,Children,17,68.83
688,"POLISH BROOKLYN",2006,PG,Children,18,24.82
735,"ROBBERS JOON",2006,PG-13,Children,31,105.69
755,"SABRINA MIDNIGHT",2006,PG,Children,21,126.79
761,"SANTA PARIS",2006,PG,Children,11,33.89
768,"SCARFACE BANG",2006,PG-13,Children,18,120.82
786,"SHEPHERD MIDSUMMER",2006,R,Children,25,32.75
801,"SISTER FREDDY",2006,PG-13,Children,0,NULL
833,"SPLENDOR PATTON",2006,R,Children,21,40.79
852,"STRANGELOVE DESIRE",2006,NC-17,Children,24,86.76
853,"STRANGER STRANGERS",2006,G,Children,11,75.89
864,"SUNDANCE INVASION",2006,NC-17,Children,19,41.81
873,"SWEETHEARTS SUSPECTS",2006,G,Children,29,98.71
883,"TEQUILA PAST",2006,PG,Children,6,32.94
889,"TIES HUNGER",2006,R,Children,11,80.89
896,"TOOTSIE PILOT",2006,PG,Children,15,39.85
918,"TWISTED PIRATES",2006,PG,Children,11,66.89
928,"UPTOWN YOUNG",2006,PG,Children,12,38.88
955,"WALLS ARTIST",2006,PG,Children,0,NULL
959,"WARLOCK WEREWOLF",2006,G,Children,6,21.94
993,"WRONG BEHAVIOR",2006,PG-13,Children,20,62.80
999,"ZOOLANDER FICTION",2006,R,Children,17,73.83
14,"ALICE FANTASIA",2006,NC-17,Classics,0,NULL
37,"ARIZONA BANG",2006,PG,Classics,21,104.79
60,"BEAST HUNCHBACK",2006,R,Classics,11,76.89
91,"BOUND CHEAPER",2006,PG,Classics,24,50.76
116,"CANDIDATE PERDITION",2006,R,Classics,18,96.81
131,"CENTER DINOSAUR",2006,PG,Classics,24,137.76
166,"COLOR PHILADELPHIA",2006,G,Classics,24,93.76
180,"CONSPIRACY SPIRIT",2006,PG-13,Classics,5,16.95
184,"CORE SUIT",2006,PG-13,Classics,18,103.82
190,"CREEPERS KANE",2006,NC-17,Classics,14,82.86
196,"CRUELTY UNFORGIVEN",2006,G,Classics,7,7.93
228,"DETECTIVE VISION",2006,PG-13,Classics,27,68.73
249,"DRACULA CRYSTAL",2006,G,Classics,21,24.79
266,"DYNAMITE TARZAN",2006,PG-13,Classics,25,62.75
297,"EXTRAORDINARY CONQUERER",2006,G,Classics,6,22.94
341,"FROST HEAD",2006,PG,Classics,30,76.70
346,"GALAXY SWEETHEARTS",2006,R,Classics,18,115.82
357,"GILBERT PELICAN",2006,G,Classics,9,17.91
358,"GILMORE BOILED",2006,R,Classics,28,64.72
425,"HOLY TADPOLE",2006,R,Classics,9,18.91
432,"HOPE TOOTSIE",2006,NC-17,Classics,18,75.82
445,"HYDE DOCTOR",2006,G,Classics,26,104.73
469,"IRON MOON",2006,PG,Classics,11,55.89
471,"ISLAND EXORCIST",2006,NC-17,Classics,26,85.74
480,"JEEPERS WEDDING",2006,R,Classics,16,86.84
482,"JEOPARDY ENCINO",2006,R,Classics,10,28.90
484,"JERK PAYCHECK",2006,NC-17,Classics,20,107.80
487,"JINGLE SAGEBRUSH",2006,PG-13,Classics,13,70.87
512,"LEAGUE HELLFIGHTERS",2006,PG-13,Classics,17,105.83
523,"LIGHTS DEER",2006,R,Classics,8,9.92
525,"LOATHING LEGALLY",2006,R,Classics,27,63.73
536,"LOVELY JINGLE",2006,PG,Classics,14,65.86
537,"LOVER TRUMAN",2006,G,Classics,10,62.90
548,"MAGNIFICENT CHITTY",2006,R,Classics,8,54.92
554,"MALKOVICH PET",2006,G,Classics,26,84.74
578,"MILLION ACE",2006,PG-13,Classics,20,130.80
611,"MUSKETEERS WAIT",2006,PG,Classics,17,92.83
633,"OCTOBER SUBMARINE",2006,PG-13,Classics,11,63.89
652,"PAJAMA JAWBREAKER",2006,R,Classics,14,39.86
663,"PATIENT SISTER",2006,NC-17,Classics,19,24.81
694,"PREJUDICE OLEANDER",2006,PG-13,Classics,20,115.80
725,"REQUIEM TYCOON",2006,R,Classics,19,110.81
731,"RIGHT CRANES",2006,PG-13,Classics,10,52.90
744,"ROOTS REMEMBER",2006,PG-13,Classics,17,42.83
808,"SLING LUKE",2006,R,Classics,6,14.94
815,"SNATCHERS MONTEZUMA",2006,PG-13,Classics,9,37.91
828,"SPIKING ELEMENT",2006,G,Classics,13,41.87
843,"STEEL SANTA",2006,NC-17,Classics,23,141.77
862,"SUMMER SCARFACE",2006,G,Classics,16,34.84
874,"TADPOLE PARK",2006,PG,Classics,0,NULL
891,"TIMBERLAND SKY",2006,G,Classics,31,123.69
895,"TOMORROW HUSTLER",2006,R,Classics,25,110.75
899,"TOWERS HURRICANE",2006,NC-17,Classics,11,12.89
950,"VOLUME HOUSE",2006,PG,Classics,0,NULL
951,"VOYAGE LEGALLY",2006,PG-13,Classics,28,48.72
962,"WASTELAND DIVINE",2006,PG,Classics,15,49.85
970,"WESTWARD SEABISCUIT",2006,NC-17,Classics,26,37.74
7,"AIRPLANE SIERRA",2006,PG-13,Comedy,15,82.85
28,"ANTHEM LUKE",2006,PG-13,Comedy,15,85.85
99,"BRINGING HYSTERICAL",2006,PG,Comedy,20,71.80
119,"CAPER MOTIONS",2006,G,Comedy,24,38.76
127,"CAT CONEHEADS",2006,G,Comedy,30,181.70
159,"CLOSER BANG",2006,R,Comedy,28,172.72
178,"CONNECTION MICROCOSMOS",2006,G,Comedy,7,10.93
182,"CONTROL ANTHEM",2006,G,Comedy,7,36.93
188,"CRAZY HOME",2006,PG,Comedy,9,26.91
202,"DADDY PITTSBURGH",2006,G,Comedy,13,75.87
242,"DOOM DANCING",2006,R,Comedy,21,73.79
247,"DOWNHILL ENOUGH",2006,G,Comedy,25,84.75
265,"DYING MAKER",2006,PG,Comedy,17,93.83
276,"ELEMENT FREDDY",2006,NC-17,Comedy,10,56.90
308,"FERRIS MOTHER",2006,PG,Comedy,17,79.83
317,"FIREBALL PHILADELPHIA",2006,PG,Comedy,21,60.79
324,"FLINTSTONES HAPPINESS",2006,PG-13,Comedy,17,134.83
332,"FRANKENSTEIN STRANGER",2006,NC-17,Comedy,0,NULL
335,"FREEDOM CLEOPATRA",2006,PG-13,Comedy,5,5.95
365,"GOLD RIVER",2006,R,Comedy,14,94.86
385,"GROUNDHOG UNCUT",2006,PG-13,Comedy,18,102.82
388,"GUNFIGHT MOON",2006,NC-17,Comedy,24,55.76
404,"HATE HANDICAP",2006,PG,Comedy,0,NULL
410,"HEAVEN FREEDOM",2006,PG,Comedy,18,58.82
413,"HEDWIG ALTER",2006,NC-17,Comedy,12,37.88
443,"HURRICANE AFFAIR",2006,PG,Comedy,24,85.76
444,"HUSTLER PARTY",2006,NC-17,Comedy,22,190.78
478,"JAWS HARRY",2006,G,Comedy,14,63.86
502,"KNOCK WARLOCK",2006,PG-13,Comedy,24,116.76
522,"LIFE TWISTED",2006,NC-17,Comedy,10,44.90
524,"LION UNCUT",2006,PG,Comedy,18,34.82
529,"LONELY ELEPHANT",2006,G,Comedy,15,77.85
555,"MALLRATS UNITED",2006,PG,Comedy,25,77.75
568,"MEMENTO ZOOLANDER",2006,NC-17,Comedy,13,88.87
604,"MULAN MOON",2006,G,Comedy,13,36.87
613,"MYSTIC TRUMAN",2006,NC-17,Comedy,10,19.90
638,"OPERATION OPERATION",2006,G,Comedy,27,87.73
657,"PARADISE SABRINA",2006,PG-13,Comedy,18,79.82
660,"PARTY KNOCK",2006,PG,Comedy,13,44.87
672,"PERFECT GROOVE",2006,PG-13,Comedy,17,57.83
680,"PINOCCHIO SIMON",2006,PG,Comedy,20,133.80
704,"PURE RUNNER",2006,NC-17,Comedy,16,92.84
754,"RUSHMORE MERMAID",2006,PG-13,Comedy,6,18.94
756,"SADDLE ANTITRUST",2006,PG-13,Comedy,14,42.86
765,"SATURN NAME",2006,R,Comedy,13,70.87
774,"SEARCHERS WAIT",2006,NC-17,Comedy,14,75.86
814,"SNATCH SLIPPER",2006,PG,Comedy,22,127.78
837,"STAGE WORLD",2006,PG,Comedy,10,46.90
857,"STRICTLY SCARFACE",2006,PG-13,Comedy,23,113.77
858,"SUBMARINE BED",2006,R,Comedy,15,88.85
871,"SWEDEN SHINING",2006,PG,Comedy,18,111.81
905,"TRAINSPOTTING STRANGERS",2006,PG-13,Comedy,11,58.89
906,"TRAMP OTHERS",2006,PG,Comedy,20,47.80
932,"VALLEY PACKER",2006,G,Comedy,15,58.85
938,"VELVET TERMINATOR",2006,R,Comedy,26,177.74
939,"VERTIGO NORTHWEST",2006,R,Comedy,8,37.92
978,"WISDOM WORKER",2006,R,Comedy,9,29.91
1000,"ZORRO ARK",2006,NC-17,Comedy,31,214.69
1,"ACADEMY DINOSAUR",2006,PG,Documentary,23,36.77
3,"ADAPTATION HOLES",2006,NC-17,Documentary,12,37.88
40,"ARMY FLINTSTONES",2006,R,Documentary,16,41.84
58,"BEACH HEARTBREAKERS",2006,G,Documentary,17,64.83
62,"BED HIGHBALL",2006,NC-17,Documentary,6,24.94
72,"BILL OTHERS",2006,PG,Documentary,19,67.81
85,"BONNIE HOLOCAUST",2006,G,Documentary,16,32.84
101,"BROTHERHOOD BLANKET",2006,R,Documentary,26,101.74
129,"CAUSE DATE",2006,R,Documentary,21,128.79
142,"CHICKEN HELLFIGHTERS",2006,PG,Documentary,22,68.78
150,"CIDER DESIRE",2006,PG,Documentary,19,62.81
156,"CLERKS ANGELS",2006,G,Documentary,7,50.93
164,"COAST RAINBOW",2006,PG,Documentary,21,42.79
199,"CUPBOARD SINNERS",2006,R,Documentary,23,106.77
206,"DANCING FEVER",2006,G,Documentary,27,55.73
219,"DEEP CRUSADE",2006,PG-13,Documentary,14,80.86
221,"DELIVERANCE MULHOLLAND",2006,R,Documentary,0,NULL
248,"DOZEN LION",2006,NC-17,Documentary,7,36.93
261,"DUFFEL APOCALYPSE",2006,G,Documentary,7,6.93
274,"EGG IGBY",2006,PG,Documentary,21,105.79
295,"EXPENDABLE STALLION",2006,PG,Documentary,28,97.72
336,"FRENCH HOLIDAY",2006,PG,Documentary,17,102.83
393,"HALLOWEEN NUTS",2006,PG-13,Documentary,10,35.90
400,"HARDLY ROBBERS",2006,R,Documentary,4,15.96
407,"HAWK CHILL",2006,PG-13,Documentary,7,15.93
412,"HEAVYWEIGHTS BEAST",2006,G,Documentary,23,129.77
427,"HOMEWARD CIDER",2006,R,Documentary,16,23.84
441,"HUNTER ALTER",2006,PG-13,Documentary,5,24.95
457,"INDEPENDENCE HOTEL",2006,NC-17,Documentary,19,38.81
466,"INTOLERABLE INTENTIONS",2006,PG-13,Documentary,9,49.91
497,"KILL BROTHERHOOD",2006,G,Documentary,0,NULL
544,"MADISON TRAP",2006,R,Documentary,15,76.85
552,"MAJESTIC FLOATS",2006,PG,Documentary,17,43.83
571,"METAL ARMAGEDDON",2006,PG-13,Documentary,25,103.75
575,"MIDSUMMER GROUNDHOG",2006,G,Documentary,22,156.78
576,"MIGHTY LUCK",2006,PG,Documentary,12,38.88
587,"MOD SECRETARY",2006,NC-17,Documentary,11,61.89
589,"MODERN DORADO",2006,PG,Documentary,15,49.85
616,"NATIONAL STORY",2006,NC-17,Documentary,19,82.81
622,"NEWSIES STORY",2006,G,Documentary,7,22.93
627,"NORTH TEQUILA",2006,NC-17,Documentary,11,65.89
629,"NOTORIOUS REUNION",2006,NC-17,Documentary,14,25.86
650,"PACIFIC AMISTAD",2006,G,Documentary,24,62.76
670,"PELICAN COMFORTS",2006,PG,Documentary,26,188.74
687,"POCUS PULP",2006,NC-17,Documentary,26,43.74
698,"PRINCESS GIANT",2006,NC-17,Documentary,27,142.74
708,"QUILLS BULL",2006,R,Documentary,16,100.84
712,"RAIDERS ANTITRUST",2006,PG-13,Documentary,0,NULL
713,"RAINBOW SHOCK",2006,PG,Documentary,0,NULL
734,"ROAD ROXANNE",2006,R,Documentary,19,130.81
757,"SAGEBRUSH CLUELESS",2006,G,Documentary,16,91.84
776,"SECRET GROUNDHOG",2006,PG,Documentary,21,116.79
788,"SHIP WONDERLAND",2006,R,Documentary,15,47.85
791,"SHOW LORD",2006,PG-13,Documentary,25,170.75
812,"SMOKING BARBARELLA",2006,PG-13,Documentary,18,18.83
834,"SPOILERS HELLFIGHTERS",2006,G,Documentary,10,20.90
855,"STREAK RIDGEMONT",2006,PG-13,Documentary,16,24.84
888,"THIN SAGEBRUSH",2006,PG-13,Documentary,11,73.89
925,"UNITED PILOT",2006,R,Documentary,17,55.83
926,"UNTOUCHABLES SUNRISE",2006,NC-17,Documentary,8,35.92
943,"VILLAIN DESPERATE",2006,PG-13,Documentary,0,NULL
945,"VIRGINIAN PLUTO",2006,R,Documentary,29,51.71
952,"WAGON JAWS",2006,PG,Documentary,10,38.90
960,"WARS PLUTO",2006,G,Documentary,10,42.90
966,"WEDDING APOLLO",2006,PG,Documentary,24,81.76
973,"WIFE TURN",2006,NC-17,Documentary,31,223.69
992,"WRATH MILE",2006,NC-17,Documentary,14,23.86
996,"YOUNG LANGUAGE",2006,G,Documentary,7,6.93
33,"APOLLO TEEN",2006,PG-13,Drama,0,NULL
61,"BEAUTY GREASE",2006,G,Drama,22,132.78
64,"BEETHOVEN EXORCIST",2006,PG-13,Drama,11,16.89
79,"BLADE POLISH",2006,PG-13,Drama,22,34.79
98,"BRIGHT ENCOUNTERS",2006,PG-13,Drama,13,92.87
107,"BUNCH MINDS",2006,G,Drama,5,25.95
143,"CHILL LUCK",2006,PG,Drama,22,32.78
146,"CHITTY LOCK",2006,G,Drama,8,28.92
172,"CONEHEADS SMOOCHY",2006,NC-17,Drama,25,136.75
173,"CONFESSIONS MAGUIRE",2006,PG-13,Drama,14,75.86
179,"CONQUERER NUTS",2006,G,Drama,16,99.84
186,"CRAFT OUTFIELD",2006,NC-17,Drama,16,20.84
204,"DALMATIONS SWEDEN",2006,PG,Drama,20,58.80
209,"DARKNESS WAR",2006,NC-17,Drama,13,48.87
218,"DECEIVER BETRAYED",2006,NC-17,Drama,21,25.79
225,"DESTINATION JERK",2006,PG-13,Drama,8,31.92
230,"DIARY PANIC",2006,G,Drama,9,27.91
272,"EDGE KISSING",2006,NC-17,Drama,15,92.85
282,"ENCOUNTERS CURTAIN",2006,NC-17,Drama,19,39.81
366,"GOLDFINGER SENSIBILITY",2006,G,Drama,24,81.76
368,"GONE TROUBLE",2006,R,Drama,10,35.90
379,"GREEDY ROOTS",2006,R,Drama,14,15.86
396,"HANGING DEEP",2006,G,Drama,19,113.81
401,"HAROLD FRENCH",2006,NC-17,Drama,8,9.92
403,"HARRY IDAHO",2006,PG-13,Drama,30,195.70
418,"HOBBIT ALIEN",2006,PG-13,Drama,31,81.69
439,"HUNCHBACK IMPOSSIBLE",2006,PG-13,Drama,20,134.80
473,"JACKET FRISCO",2006,PG-13,Drama,18,77.82
504,"KWAI HOMEWARD",2006,PG-13,Drama,23,50.77
514,"LEBOWSKI SOLDIERS",2006,PG-13,Drama,21,72.79
521,"LIES TREATMENT",2006,NC-17,Drama,27,147.73
539,"LUCK OPUS",2006,NC-17,Drama,10,30.90
585,"MOB DUFFEL",2006,G,Drama,12,34.88
618,"NECKLACE OUTBREAK",2006,PG,Drama,15,43.85
630,"NOTTING SPEAKEASY",2006,PG-13,Drama,10,13.90
643,"ORIENT CLOSER",2006,R,Drama,17,80.83
662,"PATHS CONTROL",2006,PG,Drama,10,81.90
666,"PAYCHECK WAIT",2006,PG-13,Drama,16,101.84
683,"PITY BOUND",2006,NC-17,Drama,26,153.74
706,"QUEEN LUKE",2006,PG,Drama,22,136.78
709,"RACER EGG",2006,NC-17,Drama,18,57.82
728,"REUNION WITCHES",2006,R,Drama,20,53.80
739,"ROCKY WAR",2006,PG-13,Drama,16,107.84
758,"SAINTS BRIDE",2006,G,Drama,8,31.92
766,"SAVANNAH TOWN",2006,PG-13,Drama,12,28.88
771,"SCORPION APOLLO",2006,NC-17,Drama,23,168.77
772,"SEA VIRGIN",2006,PG,Drama,22,97.78
775,"SEATTLE EXPECATIONS",2006,PG-13,Drama,24,163.75
790,"SHOOTIST SUPERFLY",2006,PG-13,Drama,24,37.76
803,"SLACKER LIAISONS",2006,R,Drama,17,91.83
818,"SOMETHING DUCK",2006,NC-17,Drama,19,127.81
827,"SPICE SORORITY",2006,NC-17,Drama,20,115.80
882,"TENENBAUMS COMMAND",2006,PG-13,Drama,13,20.87
897,"TORQUE BOUND",2006,G,Drama,27,198.72
907,"TRANSLATION SUMMER",2006,PG-13,Drama,15,33.85
910,"TREATMENT JEKYLL",2006,PG,Drama,7,12.93
923,"UNFAITHFUL KILL",2006,R,Drama,8,26.92
942,"VIETNAM SMOOCHY",2006,PG-13,Drama,15,22.85
944,"VIRGIN DAISY",2006,PG-13,Drama,17,93.83
958,"WARDROBE PHANTOM",2006,G,Drama,27,93.73
969,"WEST LION",2006,G,Drama,16,104.84
979,"WITCHES PANIC",2006,NC-17,Drama,30,173.70
5,"AFRICAN EGG",2006,G,Family,12,51.88
31,"APACHE DIVINE",2006,NC-17,Family,31,178.69
43,"ATLANTIS CAUSE",2006,G,Family,24,87.76
50,"BAKED CLEOPATRA",2006,G,Family,16,79.84
53,"BANG KWAI",2006,NC-17,Family,7,22.93
63,"BEDAZZLED MARRIED",2006,PG,Family,13,16.87
71,"BILKO ANONYMOUS",2006,PG-13,Family,13,102.87
80,"BLANKET BEVERLY",2006,G,Family,12,40.88
82,"BLOOD ARGONAUTS",2006,G,Family,10,38.90
83,"BLUES INSTINCT",2006,G,Family,21,84.79
94,"BRAVEHEART HUMAN",2006,PG-13,Family,5,16.95
139,"CHASING FIGHT",2006,PG,Family,20,110.81
145,"CHISUM BEHAVIOR",2006,G,Family,13,73.87
147,"CHOCOLAT HARRY",2006,NC-17,Family,20,52.80
175,"CONFUSED CANDLES",2006,PG-13,Family,17,102.83
183,"CONVERSATION DOWNHILL",2006,R,Family,17,114.83
213,"DATE SPEED",2006,R,Family,13,45.87
231,"DINOSAUR SECRETARY",2006,R,Family,20,70.80
262,"DUMBO LUST",2006,NC-17,Family,6,13.94
269,"EARRING INSTINCT",2006,R,Family,19,62.81
273,"EFFECT GLADIATOR",2006,PG,Family,25,53.75
309,"FEUD FROGMEN",2006,R,Family,25,39.75
315,"FINDING ANACONDA",2006,R,Family,12,28.88
345,"GABLES METROPOLIS",2006,PG,Family,19,57.81
348,"GANDHI KWAI",2006,PG-13,Family,17,22.83
359,"GLADIATOR WESTWARD",2006,PG,Family,0,NULL
377,"GREASE YOUTH",2006,G,Family,21,28.79
391,"HALF OUTFIELD",2006,PG-13,Family,26,91.75
419,"HOCUS FRIDA",2006,G,Family,0,NULL
428,"HOMICIDE PEACH",2006,PG-13,Family,22,74.78
437,"HOUSE DYNAMITE",2006,R,Family,23,74.77
442,"HUNTING MUSKETEERS",2006,NC-17,Family,15,53.85
458,"INDIAN LOVE",2006,NC-17,Family,16,50.84
476,"JASON TRAP",2006,NC-17,Family,24,100.76
479,"JEDI BENEATH",2006,PG,Family,19,21.81
498,"KILLER INNOCENT",2006,R,Family,6,21.94
499,"KING EVOLUTION",2006,NC-17,Family,9,66.91
528,"LOLITA WORLD",2006,NC-17,Family,10,48.90
534,"LOUISIANA HARRY",2006,PG-13,Family,17,29.83
550,"MAGUIRE APACHE",2006,NC-17,Family,9,33.91
557,"MANCHURIAN CURTAIN",2006,PG,Family,15,64.85
603,"MOVIE SHAKESPEARE",2006,PG,Family,27,145.74
610,"MUSIC BOONDOCK",2006,R,Family,19,22.81
617,"NATURAL STOCK",2006,PG-13,Family,13,32.87
621,"NETWORK PEAK",2006,PG-13,Family,31,133.69
634,"ODDS BOOGIE",2006,NC-17,Family,15,23.85
639,"OPPOSITE NECKLACE",2006,PG,Family,13,66.87
679,"PILOT HOOSIERS",2006,PG,Family,16,57.84
682,"PITTSBURGH HUNCHBACK",2006,PG-13,Family,12,88.88
695,"PRESIDENT BANG",2006,PG,Family,7,40.93
700,"PRIX UNDEFEATED",2006,R,Family,11,42.89
710,"RAGE GAMES",2006,R,Family,19,119.81
715,"RANGE MOONWALKER",2006,PG,Family,27,179.73
724,"REMEMBER DIARY",2006,R,Family,18,73.82
727,"RESURRECTION SILVERADO",2006,PG,Family,21,26.79
736,"ROBBERY BRIGHT",2006,R,Family,13,39.87
753,"RUSH GOODFELLAS",2006,PG,Family,31,88.69
778,"SECRETS PARADISE",2006,G,Family,20,152.80
780,"SENSIBILITY REAR",2006,PG,Family,10,52.90
795,"SIEGE MADRE",2006,R,Family,15,17.85
810,"SLUMS DUCK",2006,PG,Family,24,55.76
822,"SOUP WISDOM",2006,R,Family,8,12.92
824,"SPARTACUS CHEAPER",2006,NC-17,Family,9,60.91
829,"SPINAL ROCKY",2006,PG-13,Family,13,39.87
832,"SPLASH GUMP",2006,PG,Family,14,33.86
866,"SUNSET RACER",2006,NC-17,Family,8,12.92
867,"SUPER WYOMING",2006,PG,Family,13,86.87
946,"VIRTUAL SPOILERS",2006,NC-17,Family,14,117.86
975,"WILLOW TRACY",2006,R,Family,16,58.84
6,"AGENT TRUMAN",2006,PG,Foreign,21,126.79
11,"ALAMO VIDEOTAPE",2006,G,Foreign,24,35.76
15,"ALIEN CENTER",2006,NC-17,Foreign,22,90.78
16,"ALLEY EVOLUTION",2006,NC-17,Foreign,14,52.86
47,"BABY HALL",2006,NC-17,Foreign,8,45.92
52,"BALLROOM MOCKINGBIRD",2006,G,Foreign,8,10.92
100,"BROOKLYN DESERT",2006,R,Foreign,21,116.79
104,"BUGSY SONG",2006,G,Foreign,11,55.89
112,"CALENDAR GUNFIGHT",2006,NC-17,Foreign,21,141.79
128,"CATCH AMISTAD",2006,G,Foreign,0,NULL
148,"CHOCOLATE DUCK",2006,R,Foreign,0,NULL
170,"COMMAND DARLING",2006,PG-13,Foreign,16,107.84
185,"COWBOY DOOM",2006,PG,Foreign,7,28.93
192,"CROSSING DIVORCE",2006,R,Foreign,0,NULL
198,"CRYSTAL BREAKING",2006,NC-17,Foreign,0,NULL
201,"CYCLONE FAMILY",2006,PG,Foreign,15,48.86
207,"DANGEROUS UPTOWN",2006,PG,Foreign,12,66.88
246,"DOUBTFIRE LABYRINTH",2006,R,Foreign,10,57.90
290,"EVERYONE CRAFT",2006,PG,Foreign,13,24.87
311,"FICTION CHRISTMAS",2006,PG,Foreign,19,58.81
337,"FRIDA SLIPPER",2006,R,Foreign,11,40.90
353,"GENTLEMEN STAGE",2006,NC-17,Foreign,23,81.77
376,"GRAPES FURY",2006,G,Foreign,22,56.77
380,"GREEK EVERYONE",2006,PG,Foreign,17,55.83
399,"HAPPINESS UNITED",2006,G,Foreign,6,22.94
414,"HELLFIGHTERS SIERRA",2006,PG,Foreign,20,97.80
416,"HIGHBALL POTTER",2006,R,Foreign,21,32.79
421,"HOLIDAY GAMES",2006,PG-13,Foreign,15,82.85
431,"HOOSIERS BIRDCAGE",2006,G,Foreign,8,41.92
435,"HOTEL HAPPINESS",2006,PG-13,Foreign,9,46.91
440,"HUNGER ROOF",2006,G,Foreign,13,22.87
452,"ILLUSION AMELIE",2006,R,Foreign,15,39.85
455,"IMPOSSIBLE PREJUDICE",2006,NC-17,Foreign,14,74.86
459,"INFORMER DOUBLE",2006,NC-17,Foreign,5,27.95
460,"INNOCENT USUAL",2006,PG-13,Foreign,26,191.74
467,"INTRIGUE WORST",2006,G,Foreign,20,37.80
486,"JET NEIGHBORS",2006,R,Foreign,20,109.80
493,"KANE EXORCIST",2006,R,Foreign,14,20.86
500,"KISS GLORY",2006,PG-13,Foreign,22,132.78
531,"LOSE INCH",2006,R,Foreign,27,81.73
533,"LOST BIRD",2006,PG-13,Foreign,12,64.88
545,"MADNESS ATTACKS",2006,PG-13,Foreign,25,73.75
565,"MATRIX SNOWMAN",2006,PG-13,Foreign,9,45.91
566,"MAUDE MOD",2006,R,Foreign,8,11.92
567,"MEET CHOCOLATE",2006,G,Foreign,12,65.88
584,"MIXED DOORS",2006,PG-13,Foreign,4,15.96
595,"MOON BUNCH",2006,PG,Foreign,29,38.71
605,"MULHOLLAND BEAST",2006,PG,Foreign,7,21.93
607,"MUPPET MILE",2006,PG,Foreign,0,NULL
623,"NEWTON LABYRINTH",2006,PG,Foreign,17,47.83
640,"OPUS ICE",2006,R,Foreign,11,65.89
641,"ORANGE GRAPES",2006,PG-13,Foreign,24,67.76
661,"PAST SUICIDES",2006,PG-13,Foreign,13,72.87
669,"PEARL DESTINY",2006,NC-17,Foreign,0,NULL
674,"PET HAUNTING",2006,PG,Foreign,8,26.92
689,"POLLOCK DELIVERANCE",2006,PG,Foreign,18,69.81
705,"PURPLE MOVIE",2006,R,Foreign,13,55.87
726,"RESERVOIR ADAPTATION",2006,PG-13,Foreign,10,34.90
738,"ROCKETEER MOTHER",2006,PG-13,Foreign,33,116.67
769,"SCHOOL JACKET",2006,PG-13,Foreign,6,35.94
770,"SCISSORHANDS SLUMS",2006,G,Foreign,15,53.85
789,"SHOCK CABIN",2006,PG-13,Foreign,30,99.70
792,"SHREK LICENSE",2006,PG-13,Foreign,15,46.85
821,"SORORITY QUEEN",2006,NC-17,Foreign,12,19.88
845,"STEPMOM DREAM",2006,NC-17,Foreign,20,104.80
900,"TOWN ARK",2006,R,Foreign,14,49.86
908,"TRAP GUYS",2006,G,Foreign,16,126.84
929,"USUAL UNTOUCHABLES",2006,PG-13,Foreign,13,70.87
947,"VISION TORQUE",2006,PG-13,Foreign,7,15.93
957,"WAR NOTTING",2006,G,Foreign,12,65.88
961,"WASH HEAVENLY",2006,R,Foreign,23,119.77
971,"WHALE BIKINI",2006,PG-13,Foreign,18,134.82
984,"WONDERFUL DROP",2006,NC-17,Foreign,9,55.91
46,"AUTUMN CROW",2006,G,Games,11,84.89
106,"BULWORTH COMMANDMENTS",2006,G,Games,7,32.93
117,"CANDLES GRAPES",2006,NC-17,Games,23,128.77
141,"CHICAGO NORTH",2006,PG-13,Games,16,89.84
189,"CREATURES SHAKESPEARE",2006,NC-17,Games,16,56.84
200,"CURTAIN VIDEOTAPE",2006,PG-13,Games,27,38.74
211,"DARLING BREAKING",2006,PG-13,Games,9,49.91
215,"DAWN POND",2006,PG,Games,18,128.82
217,"DAZED PUNK",2006,G,Games,0,NULL
227,"DETAILS PACKER",2006,R,Games,19,133.81
232,"DIRTY ACE",2006,NC-17,Games,15,55.85
236,"DIVINE RESURRECTION",2006,R,Games,15,64.85
264,"DWARFS ALTER",2006,G,Games,9,31.91
281,"ENCINO ELF",2006,G,Games,19,27.81
302,"FANTASIA PARK",2006,G,Games,19,73.81
306,"FEATHERS METAL",2006,PG-13,Games,11,41.89
310,"FEVER EMPIRE",2006,R,Games,5,33.95
316,"FIRE WOLVES",2006,R,Games,7,39.93
331,"FORWARD TEMPLE",2006,NC-17,Games,32,128.68
352,"GATHERING CALENDAR",2006,PG-13,Games,11,24.89
362,"GLORY TRACY",2006,PG-13,Games,5,14.95
381,"GRINCH MASSAGE",2006,R,Games,14,76.86
382,"GRIT CLOCKWORK",2006,PG,Games,32,110.68
387,"GUN BONNIE",2006,G,Games,25,37.75
406,"HAUNTING PIANIST",2006,R,Games,22,52.78
408,"HEAD STRANGER",2006,R,Games,22,152.78
438,"HUMAN GRAFFITI",2006,NC-17,Games,15,80.85
447,"ICE CROSSING",2006,R,Games,24,100.76
483,"JERICHO MULAN",2006,NC-17,Games,17,98.83
507,"LADYBUGS ARMAGEDDON",2006,NC-17,Games,6,17.94
508,"LAMBS CINCINATTI",2006,PG-13,Games,10,57.90
546,"MADRE GABLES",2006,PG-13,Games,14,52.86
556,"MALTESE HOPE",2006,PG-13,Games,22,123.78
560,"MARS ROMAN",2006,NC-17,Games,19,32.81
563,"MASSACRE USUAL",2006,R,Games,30,179.70
591,"MONSOON CAUSE",2006,PG,Games,9,54.91
596,"MOONSHINE CABIN",2006,PG-13,Games,21,141.79
597,"MOONWALKER FOOL",2006,G,Games,13,88.87
614,"NAME DETECTIVE",2006,PG-13,Games,23,136.77
624,"NIGHTMARE CHILL",2006,PG,Games,25,169.75
646,"OUTBREAK DIVINE",2006,NC-17,Games,23,39.77
654,"PANKY SUBMARINE",2006,G,Games,15,110.85
684,"PIZZA JUMANJI",2006,NC-17,Games,7,28.93
699,"PRIVATE DROP",2006,PG,Games,5,26.95
701,"PSYCHO SHRUNK",2006,PG-13,Games,0,NULL
742,"ROOF CHAMPION",2006,R,Games,0,NULL
746,"ROUGE SQUAD",2006,NC-17,Games,18,53.82
747,"ROXANNE REBEL",2006,R,Games,19,33.81
762,"SASSY PACKER",2006,G,Games,13,15.87
781,"SEVEN SWARM",2006,R,Games,5,30.95
807,"SLEUTH ORIENT",2006,NC-17,Games,21,53.79
835,"SPY MILE",2006,PG-13,Games,27,94.73
840,"STAMPEDE DISTURBING",2006,R,Games,14,32.86
842,"STATE WASTELAND",2006,NC-17,Games,13,61.88
861,"SUIT WALLS",2006,R,Games,21,147.79
919,"TYCOON GATHERING",2006,G,Games,12,103.88
934,"VANILLA DAY",2006,NC-17,Games,9,52.91
941,"VIDEOTAPE ARSENIC",2006,NC-17,Games,29,178.71
949,"VOLCANO TEXAS",2006,NC-17,Games,22,36.78
956,"WANDA CHAMBER",2006,PG-13,Games,16,86.84
976,"WIND PHANTOM",2006,R,Games,23,38.77
2,"ACE GOLDFINGER",2006,G,Horror,7,52.93
4,"AFFAIR PREJUDICE",2006,G,Horror,23,91.77
8,"AIRPORT POLLOCK",2006,R,Horror,18,102.82
9,"ALABAMA DEVIL",2006,PG-13,Horror,12,71.88
13,"ALI FOREVER",2006,PG,Horror,9,54.91
24,"ANALYZE HOOSIERS",2006,R,Horror,14,55.86
30,"ANYTHING SAVANNAH",2006,R,Horror,9,46.91
34,"ARABIA DOGMA",2006,NC-17,Horror,13,22.87
35,"ARACHNOPHOBIA ROLLERCOASTER",2006,PG-13,Horror,24,114.76
65,"BEHAVIOR RUNAWAY",2006,PG,Horror,13,100.87
92,"BOWFINGER GABLES",2006,NC-17,Horror,11,56.89
122,"CARRIE BUNCH",2006,PG,Horror,23,34.77
171,"COMMANDMENTS EXPRESS",2006,R,Horror,0,NULL
222,"DESERT POSEIDON",2006,R,Horror,19,118.81
258,"DRUMS DYNAMITE",2006,PG,Horror,13,24.87
275,"EGYPT TENENBAUMS",2006,PG,Horror,17,72.83
277,"ELEPHANT TROJAN",2006,PG-13,Horror,14,89.86
301,"FAMILY SWEET",2006,R,Horror,29,70.70
313,"FIDELITY DEVIL",2006,G,Horror,21,138.79
334,"FREDDY STORM",2006,NC-17,Horror,23,126.77
351,"GASLIGHT CRUSADE",2006,PG,Horror,16,62.84
415,"HIGH ENCINO",2006,R,Horror,22,120.78
475,"JAPANESE RUN",2006,G,Horror,6,7.94
494,"KARATE MOON",2006,PG-13,Horror,23,58.77
495,"KENTUCKIAN GIANT",2006,PG,Horror,0,NULL
506,"LADY STAGE",2006,PG,Horror,17,118.83
527,"LOLA AGENT",2006,PG,Horror,24,159.76
535,"LOVE SUICIDES",2006,R,Horror,20,35.80
593,"MONTEREY LABYRINTH",2006,G,Horror,13,21.87
600,"MOTIONS DETAILS",2006,PG,Horror,16,32.85
653,"PANIC CLUB",2006,G,Horror,7,51.93
658,"PARIS WEEKEND",2006,PG-13,Horror,14,46.86
665,"PATTON INTERVIEW",2006,PG,Horror,23,102.77
702,"PULP BEVERLY",2006,G,Horror,30,136.70
716,"REAP UNFAITHFUL",2006,PG-13,Horror,16,62.84
722,"REEF SALUTE",2006,NC-17,Horror,11,23.89
737,"ROCK INSTINCT",2006,G,Horror,17,48.83
740,"ROLLERCOASTER BRINGING",2006,PG-13,Horror,10,45.90
749,"RULES HUMAN",2006,R,Horror,16,101.84
799,"SIMON NORTH",2006,NC-17,Horror,6,18.94
800,"SINNERS ATLANTIS",2006,PG-13,Horror,22,73.78
804,"SLEEPING SUSPECTS",2006,PG-13,Horror,24,131.76
830,"SPIRIT FLINTSTONES",2006,R,Horror,15,15.85
854,"STRANGERS GRAFFITI",2006,R,Horror,17,123.83
856,"STREETCAR INTENTIONS",2006,R,Horror,25,148.75
870,"SWARM GOLD",2006,PG-13,Horror,27,71.73
876,"TARZAN VIDEOTAPE",2006,PG-13,Horror,8,40.92
881,"TEMPLE ATTRACTION",2006,PG,Horror,12,70.88
885,"TEXAS WATCH",2006,NC-17,Horror,6,5.94
904,"TRAIN BUNCH",2006,R,Horror,4,24.96
909,"TREASURE COMMAND",2006,PG-13,Horror,0,NULL
922,"UNDEFEATED DALMATIONS",2006,PG-13,Horror,21,114.79
965,"WATERSHIP FRONTIER",2006,G,Horror,6,13.94
990,"WORLD LEATHERNECKS",2006,PG-13,Horror,8,24.92
995,"YENTL IDAHO",2006,R,Horror,23,135.77
998,"ZHIVAGO CORE",2006,NC-17,Horror,9,14.91
12,"ALASKA PHANTOM",2006,PG,Music,26,44.74
17,"ALONE TRIP",2006,R,Music,18,62.82
20,"AMELIE HELLFIGHTERS",2006,R,Music,10,67.90
51,"BALLOON HOMEWARD",2006,NC-17,Music,23,98.77
54,"BANGER PINOCCHIO",2006,R,Music,22,42.78
74,"BIRCH ANTITRUST",2006,PG,Music,11,74.89
76,"BIRDCAGE CASPER",2006,NC-17,Music,9,23.91
86,"BOOGIE AMELIE",2006,R,Music,29,163.70
133,"CHAMBER ITALIAN",2006,NC-17,Music,13,65.88
158,"CLONES PINOCCHIO",2006,R,Music,19,65.81
161,"CLUE GRAIL",2006,NC-17,Music,7,40.93
174,"CONFIDENTIAL INTERVIEW",2006,NC-17,Music,29,164.71
220,"DEER VIRGINIAN",2006,NC-17,Music,29,96.72
244,"DORADO NOTTING",2006,NC-17,Music,27,176.73
255,"DRIVING POLISH",2006,NC-17,Music,21,115.79
278,"ELF MURDER",2006,NC-17,Music,7,39.93
284,"ENEMY ODDS",2006,NC-17,Music,29,180.71
333,"FREAKY POCUS",2006,R,Music,17,52.83
363,"GO PURPLE",2006,R,Music,20,54.80
378,"GREATEST NORTH",2006,NC-17,Music,29,109.71
384,"GROSSE WONDERFUL",2006,R,Music,8,46.92
398,"HANOVER GALAXY",2006,NC-17,Music,17,98.83
411,"HEAVENLY GUN",2006,NC-17,Music,7,41.93
426,"HOME PITY",2006,R,Music,14,79.86
454,"IMPACT ALADDIN",2006,PG-13,Music,9,20.91
462,"INSIDER ARIZONA",2006,NC-17,Music,20,73.80
477,"JAWBREAKER BROOKLYN",2006,PG,Music,10,11.90
516,"LEGEND JEDI",2006,PG,Music,9,13.91
540,"LUCKY FLYING",2006,PG-13,Music,13,43.87
562,"MASKED BUBBLE",2006,PG-13,Music,20,25.80
581,"MINORITY KISS",2006,G,Music,12,27.89
592,"MONSTER SPARTACUS",2006,PG,Music,15,51.85
636,"OLEANDER CLUE",2006,PG,Music,10,29.90
647,"OUTFIELD MASSACRE",2006,NC-17,Music,20,59.80
673,"PERSONAL LADYBUGS",2006,PG-13,Music,14,49.86
718,"REBEL AIRPORT",2006,G,Music,8,7.92
721,"REDS POCUS",2006,PG-13,Music,9,52.91
741,"ROMAN PUNK",2006,NC-17,Music,24,29.76
752,"RUNNER MADIGAN",2006,NC-17,Music,8,14.92
767,"SCALAWAG DUCK",2006,NC-17,Music,32,172.68
797,"SILENCE KANE",2006,R,Music,16,16.84
819,"SONG HEDWIG",2006,PG-13,Music,11,34.89
877,"TAXI KICK",2006,PG-13,Music,17,34.83
879,"TELEGRAPH VOYAGE",2006,PG,Music,27,231.73
884,"TERMINATOR CLUB",2006,R,Music,6,39.94
921,"UNCUT SUICIDES",2006,PG-13,Music,14,45.86
936,"VANISHING ROCKY",2006,NC-17,Music,18,87.82
980,"WIZARD COLDBLOODED",2006,PG,Music,16,97.84
983,"WON DARES",2006,PG,Music,9,28.91
987,"WORDS HUNTER",2006,PG,Music,16,82.84
997,"YOUTH KICK",2006,NC-17,Music,6,16.94
22,"AMISTAD MIDSUMMER",2006,G,New,21,70.79
25,"ANGELS LIFE",2006,G,New,22,119.78
32,"APOCALYPSE FLAMINGOS",2006,R,New,6,30.94
45,"ATTRACTION NEWTON",2006,PG-13,New,24,146.76
77,"BIRDS PERDITION",2006,G,New,18,111.82
90,"BOULEVARD MOB",2006,R,New,18,63.82
93,"BRANNIGAN SUNRISE",2006,PG,New,12,74.88
95,"BREAKFAST GOLDFINGER",2006,G,New,17,109.83
96,"BREAKING HOME",2006,PG-13,New,13,51.87
108,"BUTCH PANTHER",2006,PG-13,New,0,NULL
109,"BUTTERFLY CHOCOLAT",2006,G,New,30,123.70
136,"CHAPLIN LICENSE",2006,NC-17,New,8,23.92
144,"CHINATOWN GLADIATOR",2006,PG,New,0,NULL
155,"CLEOPATRA DEVIL",2006,PG-13,New,18,29.83
163,"CLYDE THEORY",2006,PG-13,New,8,23.92
216,"DAY UNFAITHFUL",2006,G,New,14,109.86
226,"DESTINY SATURDAY",2006,G,New,16,96.84
251,"DRAGONFLY STRANGERS",2006,NC-17,New,18,103.82
267,"EAGLES PANKY",2006,NC-17,New,22,152.78
270,"EARTH VISION",2006,NC-17,New,23,34.77
283,"ENDING CROWDS",2006,NC-17,New,11,18.89
289,"EVE RESURRECTION",2006,G,New,7,40.93
305,"FATAL HAUNTED",2006,PG,New,28,107.72
320,"FLAMINGOS CONNECTICUT",2006,PG-13,New,23,139.77
321,"FLASH WARS",2006,NC-17,New,13,92.87
340,"FRONTIER CABIN",2006,PG-13,New,6,35.94
364,"GODFATHER DIARY",2006,NC-17,New,8,37.92
436,"HOURS RAGE",2006,NC-17,New,19,49.81
448,"IDAHO LOVE",2006,PG-13,New,17,80.83
465,"INTERVIEW LIAISONS",2006,R,New,20,128.80
481,"JEKYLL FROGMEN",2006,PG,New,17,86.83
490,"JUMANJI BLADE",2006,G,New,8,30.92
492,"JUNGLE CLOSER",2006,NC-17,New,9,15.91
538,"LOVERBOY ATTACKS",2006,PG-13,New,12,19.88
551,"MAIDEN HOME",2006,PG,New,24,163.76
558,"MANNEQUIN WORST",2006,PG-13,New,5,23.95
561,"MASK PEACH",2006,NC-17,New,17,63.83
580,"MINE TITANS",2006,PG-13,New,19,153.81
590,"MONEY HAROLD",2006,PG,New,20,111.80
632,"NUTS TIES",2006,NC-17,New,9,53.91
635,"OKLAHOMA JUMANJI",2006,PG,New,6,5.94
675,"PHANTOM GLORY",2006,NC-17,New,6,21.94
677,"PIANIST OUTFIELD",2006,NC-17,New,21,38.78
685,"PLATOON INSTINCT",2006,PG-13,New,9,45.91
686,"PLUTO OLEANDER",2006,R,New,16,88.84
720,"REDEMPTION COMFORTS",2006,NC-17,New,20,113.80
730,"RIDGEMONT SUBMARINE",2006,PG-13,New,32,130.68
750,"RUN PACIFIC",2006,R,New,10,44.90
751,"RUNAWAY TENENBAUMS",2006,NC-17,New,8,12.92
759,"SALUTE APOLLO",2006,R,New,23,106.77
760,"SAMURAI LION",2006,G,New,25,108.75
806,"SLEEPY JAPANESE",2006,PG,New,21,92.80
846,"STING PERSONAL",2006,NC-17,New,21,159.79
847,"STOCK GLASS",2006,PG,New,14,45.86
913,"TROOPERS METAL",2006,R,New,14,46.86
920,"UNBREAKABLE KARATE",2006,G,New,21,82.79
933,"VAMPIRE WHALE",2006,NC-17,New,12,79.88
935,"VANISHED GARDEN",2006,R,New,7,14.94
937,"VARSITY TRIP",2006,NC-17,New,16,48.84
948,"VOICE PEACH",2006,PG-13,New,19,33.81
954,"WAKE JAWS",2006,G,New,0,NULL
974,"WILD APOLLO",2006,R,New,6,15.94
994,"WYOMING STORM",2006,PG-13,New,13,72.87
26,"ANNIE IDENTITY",2006,G,Sci-Fi,22,59.78
39,"ARMAGEDDON LOST",2006,G,Sci-Fi,21,45.79
44,"ATTACKS HATE",2006,PG-13,Sci-Fi,16,101.84
49,"BADMAN DAWN",2006,R,Sci-Fi,21,76.79
55,"BARBARELLA STREETCAR",2006,G,Sci-Fi,25,96.75
69,"BEVERLY OUTLAW",2006,R,Sci-Fi,21,115.79
73,"BINGO TALENTED",2006,PG-13,Sci-Fi,29,131.71
81,"BLINDNESS GUN",2006,PG-13,Sci-Fi,14,76.86
114,"CAMELOT VACATION",2006,NC-17,Sci-Fi,27,101.73
132,"CHAINSAW UPTOWN",2006,PG,Sci-Fi,21,33.79
137,"CHARADE DUFFEL",2006,PG,Sci-Fi,15,80.85
138,"CHARIOTS CONSPIRACY",2006,R,Sci-Fi,21,71.79
140,"CHEAPER CLYDE",2006,G,Sci-Fi,20,36.80
151,"CINCINATTI WHISPERER",2006,NC-17,Sci-Fi,13,87.87
153,"CITIZEN SHREK",2006,G,Sci-Fi,13,21.87
165,"COLDBLOODED DARLING",2006,G,Sci-Fi,16,89.84
177,"CONNECTICUT TRAMP",2006,R,Sci-Fi,13,90.87
195,"CROWDS TELEMARK",2006,R,Sci-Fi,0,NULL
203,"DAISY MENAGERIE",2006,G,Sci-Fi,16,95.84
234,"DISTURBING SCARFACE",2006,R,Sci-Fi,26,89.74
235,"DIVIDE MONSTER",2006,PG-13,Sci-Fi,21,67.79
240,"DOLLS RAGE",2006,PG-13,Sci-Fi,9,30.91
285,"ENGLISH BULWORTH",2006,PG-13,Sci-Fi,30,103.70
296,"EXPRESS LONELY",2006,R,Sci-Fi,13,49.87
298,"EYES DRIVING",2006,PG-13,Sci-Fi,19,83.81
312,"FIDDLER LOST",2006,R,Sci-Fi,10,64.90
319,"FISH OPUS",2006,R,Sci-Fi,25,108.75
338,"FRISCO FORREST",2006,PG,Sci-Fi,9,53.91
350,"GARDEN ISLAND",2006,G,Sci-Fi,20,144.80
367,"GOLDMINE TYCOON",2006,R,Sci-Fi,27,48.73
369,"GOODFELLAS SALUTE",2006,PG,Sci-Fi,31,209.69
374,"GRAFFITI LOVE",2006,PG,Sci-Fi,30,81.70
390,"GUYS FALCON",2006,R,Sci-Fi,9,57.91
394,"HAMLET WISDOM",2006,R,Sci-Fi,14,48.86
397,"HANKY OCTOBER",2006,NC-17,Sci-Fi,26,116.74
422,"HOLLOW JEOPARDY",2006,NC-17,Sci-Fi,10,49.90
449,"IDENTITY LOVER",2006,PG-13,Sci-Fi,13,59.87
520,"LICENSE WEEKEND",2006,NC-17,Sci-Fi,7,22.93
559,"MARRIED GO",2006,G,Sci-Fi,30,98.70
572,"METROPOLIS COMA",2006,PG-13,Sci-Fi,26,131.74
602,"MOURNING PURPLE",2006,PG,Sci-Fi,21,42.79
620,"NEMO CAMPUS",2006,NC-17,Sci-Fi,14,59.86
625,"NONE SPIKING",2006,NC-17,Sci-Fi,27,84.73
637,"OPEN AFRICAN",2006,PG,Sci-Fi,21,113.79
655,"PANTHER REDS",2006,NC-17,Sci-Fi,15,88.85
711,"RAGING AIRPLANE",2006,R,Sci-Fi,13,84.87
714,"RANDOM GO",2006,NC-17,Sci-Fi,9,31.91
723,"REIGN GENTLEMEN",2006,PG-13,Sci-Fi,20,110.80
798,"SILVERADO GOLDFINGER",2006,PG,Sci-Fi,12,91.88
817,"SOLDIERS EVOLUTION",2006,R,Sci-Fi,8,41.92
831,"SPIRITED CASUALTIES",2006,PG-13,Sci-Fi,11,19.89
839,"STALLION SUNDANCE",2006,PG-13,Sci-Fi,7,8.93
860,"SUICIDES SILENCE",2006,G,Sci-Fi,0,NULL
863,"SUN CONFESSIONS",2006,R,Sci-Fi,25,53.75
893,"TITANS JERK",2006,PG,Sci-Fi,29,201.71
912,"TROJAN TOMORROW",2006,PG,Sci-Fi,19,81.80
924,"UNFORGIVEN ZOOLANDER",2006,PG,Sci-Fi,18,25.82
930,"VACATION BOONDOCK",2006,R,Sci-Fi,21,96.79
967,"WEEKEND PERSONAL",2006,R,Sci-Fi,18,74.82
972,"WHISPERER GIANT",2006,PG-13,Sci-Fi,22,151.78
985,"WONDERLAND CHRISTMAS",2006,PG,Sci-Fi,22,148.78
10,"ALADDIN CALENDAR",2006,NC-17,Sports,23,131.77
27,"ANONYMOUS HUMAN",2006,NC-17,Sports,13,17.87
42,"ARTIST COLDBLOODED",2006,NC-17,Sports,16,69.84
102,"BUBBLE GROSSE",2006,R,Sports,6,35.94
113,"CALIFORNIA BIRDS",2006,NC-17,Sports,12,83.88
120,"CARIBBEAN LIBERTY",2006,NC-17,Sports,9,71.91
135,"CHANCE RESURRECTION",2006,R,Sports,27,141.73
176,"CONGENIALITY QUEST",2006,PG-13,Sports,22,39.78
187,"CRANES RESERVOIR",2006,NC-17,Sports,11,42.89
197,"CRUSADE HONEY",2006,R,Sports,8,47.92
237,"DIVORCE SHINING",2006,G,Sports,7,33.93
254,"DRIVER ANNIE",2006,PG-13,Sports,18,69.82
256,"DROP WATERFRONT",2006,R,Sports,9,48.91
260,"DUDE BLINDNESS",2006,G,Sports,16,110.84
263,"DURHAM PANKY",2006,R,Sports,26,144.74
279,"ELIZABETH SHANE",2006,NC-17,Sports,10,51.90
291,"EVOLUTION ALTER",2006,PG-13,Sports,12,26.88
293,"EXORCIST STING",2006,G,Sports,13,52.87
322,"FLATLINERS KILLER",2006,G,Sports,22,90.78
323,"FLIGHT LIES",2006,R,Sports,12,68.88
361,"GLEAMING JAWBREAKER",2006,NC-17,Sports,29,136.70
372,"GRACELAND DYNAMITE",2006,R,Sports,6,37.94
383,"GROOVE FICTION",2006,NC-17,Sports,18,41.82
389,"GUNFIGHTER MUSSOLINI",2006,PG-13,Sports,12,68.88
420,"HOLES BRANNIGAN",2006,PG,Sports,15,75.86
429,"HONEY TIES",2006,R,Sports,19,68.81
446,"HYSTERICAL GRAIL",2006,PG,Sports,15,87.85
453,"IMAGE PRINCESS",2006,PG-13,Sports,14,76.86
463,"INSTINCT AIRPORT",2006,PG,Sports,18,72.82
474,"JADE BUNCH",2006,NC-17,Sports,18,62.82
488,"JOON NORTHWEST",2006,NC-17,Sports,17,39.83
503,"KRAMER CHOCOLATE",2006,R,Sports,9,47.91
517,"LESSON CLEOPATRA",2006,NC-17,Sports,7,23.93
519,"LIBERTY MAGNIFICENT",2006,G,Sports,12,75.88
532,"LOSER HUSTLER",2006,PG,Sports,15,88.85
570,"MERMAID INSECTS",2006,NC-17,Sports,16,99.84
577,"MILE MULAN",2006,PG,Sports,13,41.87
598,"MOSQUITO ARMAGEDDON",2006,G,Sports,15,25.85
599,"MOTHER OLEANDER",2006,R,Sports,14,69.86
606,"MUMMY CREATURES",2006,NC-17,Sports,16,58.84
612,"MUSSOLINI SPOILERS",2006,G,Sports,5,15.95
619,"NEIGHBORS CHARADE",2006,R,Sports,19,72.81
628,"NORTHWEST POLISH",2006,PG,Sports,20,87.80
631,"NOVOCAINE FLIGHT",2006,G,Sports,19,52.81
667,"PEACH INNOCENT",2006,PG-13,Sports,14,84.85
668,"PEAK FOREVER",2006,PG,Sports,20,105.80
671,"PERDITION FARGO",2006,NC-17,Sports,0,NULL
676,"PHILADELPHIA WIFE",2006,PG-13,Sports,23,118.78
678,"PICKUP DRIVING",2006,G,Sports,16,98.84
681,"PIRATES ROXANNE",2006,PG,Sports,21,51.78
691,"POSEIDON FOREVER",2006,PG-13,Sports,17,100.83
719,"RECORDS ZORRO",2006,PG,Sports,8,43.92
729,"RIDER CADDYSHACK",2006,PG,Sports,11,48.89
733,"RIVER OUTLAW",2006,PG-13,Sports,20,57.81
745,"ROSES TREASURE",2006,PG-13,Sports,28,171.72
763,"SATISFACTION CONFIDENTIAL",2006,G,Sports,17,129.83
764,"SATURDAY LAMBS",2006,G,Sports,28,204.72
773,"SEABISCUIT PUNK",2006,NC-17,Sports,26,95.74
777,"SECRETARY ROUGE",2006,PG,Sports,18,112.82
779,"SENSE GREEK",2006,R,Sports,7,47.93
782,"SHAKESPEARE SADDLE",2006,PG-13,Sports,22,82.78
796,"SIERRA DIVIDE",2006,NC-17,Sports,15,57.85
809,"SLIPPER FIDELITY",2006,PG-13,Sports,16,30.84
813,"SMOOCHY CONTROL",2006,R,Sports,12,14.88
836,"SQUAD FISH",2006,PG,Sports,7,27.93
841,"STAR OPERATION",2006,PG,Sports,21,86.79
844,"STEERS ARMAGEDDON",2006,PG,Sports,15,85.85
851,"STRAIGHT HOURS",2006,R,Sports,20,57.80
875,"TALENTED HOMICIDE",2006,PG,Sports,29,39.71
890,"TIGHTS DAWN",2006,R,Sports,26,60.74
898,"TOURIST PELICAN",2006,PG-13,Sports,22,141.78
902,"TRADING PINOCCHIO",2006,PG,Sports,25,147.75
917,"TUXEDO MILE",2006,R,Sports,13,76.87
940,"VICTORY ACADEMY",2006,PG-13,Sports,9,12.91
41,"ARSENIC INDEPENDENCE",2006,PG,Travel,0,NULL
57,"BASIC EASY",2006,PG-13,Travel,21,90.79
75,"BIRD INDEPENDENCE",2006,G,Travel,11,63.89
84,"BOILED DARES",2006,PG,Travel,15,77.85
87,"BOONDOCK BALLROOM",2006,NC-17,Travel,0,NULL
88,"BORN SPINAL",2006,PG,Travel,12,59.88
103,"BUCKET BROTHERHOOD",2006,PG,Travel,34,180.66
123,"CASABLANCA SUPER",2006,G,Travel,16,82.84
125,"CASSIDY WYOMING",2006,NC-17,Travel,6,23.94
167,"COMA HEAD",2006,NC-17,Travel,26,137.74
169,"COMFORTS RUSH",2006,NC-17,Travel,17,84.83
181,"CONTACT ANONYMOUS",2006,PG-13,Travel,26,85.74
224,"DESPERATE TRAINSPOTTING",2006,G,Travel,6,31.94
233,"DISCIPLE MOTHER",2006,PG,Travel,19,41.81
257,"DRUMLINE CYCLONE",2006,G,Travel,11,38.89
286,"ENOUGH RAGING",2006,NC-17,Travel,18,57.82
288,"ESCAPE METROPOLIS",2006,R,Travel,25,80.75
294,"EXPECATIONS NATURAL",2006,PG-13,Travel,18,110.82
299,"FACTORY DRAGON",2006,PG-13,Travel,17,32.83
307,"FELLOWSHIP AUTUMN",2006,NC-17,Travel,26,149.74
339,"FROGMEN BREAKING",2006,R,Travel,10,16.90
342,"FUGITIVE MAGUIRE",2006,R,Travel,11,56.89
347,"GAMES BOWFINGER",2006,PG-13,Travel,14,72.86
386,"GUMP DATE",2006,NC-17,Travel,0,NULL
405,"HAUNTED ANTITRUST",2006,NC-17,Travel,6,31.94
434,"HORROR REIGN",2006,R,Travel,27,87.73
451,"IGBY MAKER",2006,NC-17,Travel,19,99.81
472,"ITALIAN AFRICAN",2006,G,Travel,6,38.94
496,"KICK SAVANNAH",2006,PG-13,Travel,20,61.80
513,"LEATHERNECKS DWARFS",2006,PG-13,Travel,7,27.93
518,"LIAISONS SWEET",2006,PG,Travel,22,131.78
526,"LOCK REAR",2006,R,Travel,16,50.84
543,"MADIGAN DORADO",2006,R,Travel,10,59.90
601,"MOULIN WAKE",2006,PG-13,Travel,16,51.84
609,"MUSCLE BRIGHT",2006,G,Travel,30,95.70
642,"ORDER BETRAYED",2006,PG-13,Travel,0,NULL
645,"OTHERS SOUP",2006,PG,Travel,23,79.77
648,"OUTLAW HANKY",2006,PG-13,Travel,14,73.86
656,"PAPI NECKLACE",2006,PG,Travel,8,28.92
783,"SHANE DARKNESS",2006,PG,Travel,14,55.86
784,"SHANGHAI TYCOON",2006,PG,Travel,14,43.86
785,"SHAWSHANK BUBBLE",2006,PG,Travel,19,109.81
787,"SHINING ROSES",2006,G,Travel,8,22.92
811,"SMILE EARRING",2006,G,Travel,10,58.90
826,"SPEED SUIT",2006,PG-13,Travel,9,49.91
848,"STONE FIRE",2006,G,Travel,11,39.89
868,"SUPERFLY TRIP",2006,PG,Travel,10,17.90
872,"SWEET BROTHERHOOD",2006,R,Travel,15,81.85
878,"TEEN APOLLO",2006,G,Travel,17,127.83
894,"TOMATOES HELLFIGHTERS",2006,PG,Travel,14,19.86
903,"TRAFFIC HOBBIT",2006,G,Travel,5,24.95
914,"TROUBLE DATE",2006,PG,Travel,23,79.78
931,"VALENTINE VANISHING",2006,PG-13,Travel,12,16.88
977,"WINDOW SIDE",2006,R,Travel,12,59.88
981,"WOLVES DESIRE",2006,NC-17,Travel,21,24.79
988,"WORKER TARZAN",2006,R,Travel,15,50.85
989,"WORKING MICROCOSMOS",2006,R,Travel,25,163.75
